Date,Close,High,Low,Open,Volume,Company
1/3/2022,118.3179702758789,118.87389436372271,115.02879045676798,115.81634015605547,19018355,ASHOKLEY.NS
1/4/2022,118.04000854492188,118.78122883817657,116.55756088954449,118.5959255320799,12727476,ASHOKLEY.NS
1/5/2022,122.07041931152344,122.53368465995428,116.78919716695928,117.66939850143056,17150006,ASHOKLEY.NS
1/6/2022,122.718994140625,123.36756283348316,119.61512463275483,119.70776922445619,12019899,ASHOKLEY.NS
1/7/2022,122.67266082763672,123.96981230934087,121.42185284689742,123.96981230934087,6235554,ASHOKLEY.NS
1/10/2022,124.38674926757812,124.98898858100425,122.67266177900093,122.67266177900093,6269461,ASHOKLEY.NS
1/11/2022,125.22061920166016,126.10083468213368,123.22858383979569,123.69184919257688,7638743,ASHOKLEY.NS
1/12/2022,128.6951141357422,129.06573491439838,124.6183845346838,125.77654795972734,11901175,ASHOKLEY.NS
1/13/2022,127.9075698852539,128.9730745678365,126.14715301862302,128.9730745678365,9003201,ASHOKLEY.NS
1/14/2022,127.62959289550781,129.2510214803872,126.79572099266395,127.5369341784206,6053961,ASHOKLEY.NS
1/17/2022,129.0657196044922,131.47469076018587,127.44429100176676,127.62959430024543,20167029,ASHOKLEY.NS
1/18/2022,125.49858093261719,129.99226049865163,124.38674691622063,129.99226049865163,10457315,ASHOKLEY.NS
1/19/2022,127.35164642333984,128.1855325656823,120.72695733748272,125.45225559314189,10092581,ASHOKLEY.NS
1/20/2022,128.8341064453125,131.01144527300255,127.39798092371582,128.1392083675468,18864154,ASHOKLEY.NS
1/21/2022,128.1392059326172,129.66797601955673,125.5449169973749,128.5561419438064,11403668,ASHOKLEY.NS
1/24/2022,123.04328155517578,128.64879519825138,120.95858745022726,127.86123843684281,15983816,ASHOKLEY.NS
1/25/2022,121.2365493774414,122.4410279934198,118.59593119190203,121.60715600732141,22178008,ASHOKLEY.NS
1/27/2022,121.37551879882812,122.02408744577845,116.46490337865654,120.35632939809464,16880740,ASHOKLEY.NS
1/28/2022,121.14389038085938,125.35960794058957,120.44899234808197,122.20939504269005,14737610,ASHOKLEY.NS
1/31/2022,122.8116455078125,123.87715014379533,121.32919075208859,123.645517471822,6150983,ASHOKLEY.NS
2/1/2022,120.86592864990234,123.83082410313568,118.64226059441152,123.73817951450332,16746215,ASHOKLEY.NS
2/2/2022,124.20144653320312,125.08164789454327,122.11675240162741,122.8579798092906,17772636,ASHOKLEY.NS
2/3/2022,126.14714813232422,127.72226161980758,123.22858210596179,124.15511279848782,19122008,ASHOKLEY.NS
2/4/2022,126.19349670410156,128.69512712718125,125.59125731737927,126.37880004326699,17293411,ASHOKLEY.NS
2/7/2022,125.6375732421875,127.39797598248705,124.89634582710562,125.96185051659161,9396830,ASHOKLEY.NS
2/8/2022,124.15511322021484,127.21266734348384,123.59918914771632,126.19347792314869,12272921,ASHOKLEY.NS
2/9/2022,127.6759262084961,128.0928621728316,124.98897884483324,125.22061150699025,11923027,ASHOKLEY.NS
2/10/2022,126.19349670410156,128.64881189569383,125.26696587053586,128.4171791873024,8215230,ASHOKLEY.NS
2/11/2022,123.22858428955078,125.77654373914675,122.62634498383184,125.77654373914675,8928520,ASHOKLEY.NS
2/14/2022,114.8434829711914,119.70776938057728,113.68531954038524,116.69654446048126,23491403,ASHOKLEY.NS
2/15/2022,119.05919647216797,119.75409450605223,113.45368283795436,115.81633898070814,15896279,ASHOKLEY.NS
2/16/2022,118.78123474121094,120.40266349117448,117.85470402694605,119.800424181997,10944402,ASHOKLEY.NS
2/17/2022,117.48410034179688,120.26369255427912,116.55756960430278,119.52246513673643,12217805,ASHOKLEY.NS
2/18/2022,117.20613861083984,118.27165037562119,116.00164582128379,116.04797518583155,8259183,ASHOKLEY.NS
2/21/2022,115.72369384765625,117.53042601006928,114.05593564476057,117.20614165641422,11749844,ASHOKLEY.NS
2/22/2022,115.2140884399414,115.81633479464719,112.11021208121848,112.11021208121848,12570591,ASHOKLEY.NS
2/23/2022,114.88980102539062,117.15979829874836,113.96327037196005,115.81633167882119,18983673,ASHOKLEY.NS
2/24/2022,105.30021667480469,113.03674669463955,104.51266698455832,112.11021598402775,34031871,ASHOKLEY.NS
2/25/2022,109.33061981201172,110.76674518793708,106.9216414672156,106.9216414672156,18779033,ASHOKLEY.NS
2/28/2022,109.93286895751953,110.9983806761841,106.87531482028524,109.33062258880753,16841931,ASHOKLEY.NS
3/2/2022,109.23797607421875,109.65491208125316,107.80185059422271,109.33062773479655,13299580,ASHOKLEY.NS
3/3/2022,102.10368347167969,110.53511875765437,101.73307683530722,110.21082734752575,25673224,ASHOKLEY.NS
3/4/2022,98.07327270507812,101.64041446898591,94.59878259694686,101.64041446898591,46908806,ASHOKLEY.NS
3/7/2022,91.86552429199219,96.266545307338,89.6881784665948,96.266545307338,40212680,ASHOKLEY.NS
3/8/2022,92.0044937133789,92.93102433659978,86.3526512566375,91.86551270612225,41664229,ASHOKLEY.NS
3/9/2022,98.90715789794922,99.83368865109159,92.51409428749305,93.57960606738052,32285510,ASHOKLEY.NS
3/10/2022,98.72185516357422,106.3194045571006,97.84164670151883,103.77144497076485,46463979,ASHOKLEY.NS
3/11/2022,98.1196060180664,99.13878841038074,96.12756352875702,98.21225767757343,22592586,ASHOKLEY.NS
3/14/2022,99.416748046875,99.92633569624022,95.89592852004114,98.39755861040793,22229841,ASHOKLEY.NS
3/15/2022,101.87203979492188,102.79857042359372,99.74102359029726,99.97265624746522,28842972,ASHOKLEY.NS
3/16/2022,107.01429748535156,107.75552488422602,102.98389029253407,103.72511062254017,30375131,ASHOKLEY.NS
3/17/2022,106.04142761230469,108.58938684087256,105.11489698373455,108.40408354270562,29630619,ASHOKLEY.NS
3/21/2022,102.65960693359375,106.82899518699816,101.91837952766338,106.78266582330185,16323107,ASHOKLEY.NS
3/22/2022,103.95673370361328,105.16122634836633,99.55571321766844,102.01102079728489,22959620,ASHOKLEY.NS
3/23/2022,103.9104232788086,104.92960567289524,103.26184752339452,104.65164362502227,13156064,ASHOKLEY.NS
3/24/2022,103.81776428222656,105.02224991052721,102.15000625058812,102.38163891782301,12024890,ASHOKLEY.NS
3/25/2022,105.20756530761719,105.94878563682947,103.40082617562126,104.60531893028521,8968551,ASHOKLEY.NS
3/28/2022,105.67082977294922,106.0414363999954,103.44715466633063,105.48551939055784,10863070,ASHOKLEY.NS
3/29/2022,105.71715545654297,107.33858424289751,105.2538900890131,106.55103453187044,9122856,ASHOKLEY.NS
3/30/2022,106.55103302001953,108.03348076130699,106.36572970318426,107.1996016978114,11237999,ASHOKLEY.NS
3/31/2022,108.63572692871094,109.33062496876666,106.22674847029145,107.15327919036575,15616114,ASHOKLEY.NS
4/1/2022,110.39613342285156,110.90572106239505,107.75552236305515,108.7747047110103,12697606,ASHOKLEY.NS
4/4/2022,112.11021423339844,112.85144161786076,110.44245615279232,111.97123321520321,11971937,ASHOKLEY.NS
4/5/2022,114.2412338256836,115.72368147595719,112.48082414835396,113.50000646611281,12171837,ASHOKLEY.NS
4/6/2022,115.53837585449219,115.77000853027815,113.31470782204154,114.38021247556236,10670524,ASHOKLEY.NS
4/7/2022,116.74286651611328,118.41062457960503,114.88980514284165,115.39939984803861,13285350,ASHOKLEY.NS
4/8/2022,119.66143035888672,120.35632836129079,116.74286440388404,117.43776240628812,15468778,ASHOKLEY.NS
4/11/2022,120.95858764648438,121.97776295013747,119.80042425296716,120.31001897366208,11911632,ASHOKLEY.NS
4/12/2022,119.89306640625,121.28286245023777,117.66939839096416,121.28286245023777,12835767,ASHOKLEY.NS
4/13/2022,118.27164459228516,121.32919164347568,117.99368255632773,120.44899031105756,5642996,ASHOKLEY.NS
4/18/2022,118.22531127929688,119.01286092970126,116.04796563328429,117.94735632149602,7283929,ASHOKLEY.NS
4/19/2022,115.35307312011719,119.75409398212969,114.14858037244012,118.503278940384,7247121,ASHOKLEY.NS
4/20/2022,118.45695495605469,118.68859471238876,115.49205938404445,116.69654511754358,8220153,ASHOKLEY.NS
4/21/2022,119.05919647216797,120.44899253993647,118.59593111624514,119.01286710902835,7985714,ASHOKLEY.NS
4/22/2022,119.61511993408203,120.81959854304598,117.11348278375047,118.50327884431191,10131794,ASHOKLEY.NS
4/25/2022,116.55756378173828,119.33715585536763,116.14062072937296,119.33715585536763,5714705,ASHOKLEY.NS
4/26/2022,120.35633087158203,122.30205097399005,118.04001121745797,118.59592821720247,20258527,ASHOKLEY.NS
4/27/2022,117.66939544677734,120.5879614110321,117.02082680335806,119.38348284656892,9152362,ASHOKLEY.NS
4/28/2022,119.15186309814453,119.61512848478158,118.04002192889432,118.59593897908502,6903389,ASHOKLEY.NS
4/29/2022,117.76205444335938,121.46818443456092,117.02083410021386,120.17103292910217,19472670,ASHOKLEY.NS
5/2/2022,116.92816925048828,118.08633260308372,113.22204652218288,117.76204827813062,13362735,ASHOKLEY.NS
5/4/2022,111.69328308105469,118.36430155442186,110.44246093203839,118.31797219006253,10473186,ASHOKLEY.NS
5/5/2022,114.5191879272461,118.36429157212997,112.48082330697576,113.0367402880615,17173544,ASHOKLEY.NS
5/6/2022,110.7667465209961,114.28755889226495,109.79388647154903,112.80511120600079,19071332,ASHOKLEY.NS
5/9/2022,108.82103729248047,110.11818179836185,106.22675534958655,109.33063204907029,12313596,ASHOKLEY.NS
5/10/2022,109.97919464111328,112.66613516743217,108.58939854841748,108.82103123053345,15208745,ASHOKLEY.NS
5/11/2022,107.80184936523438,111.32266897800078,106.27307224208927,110.58144156409148,9163178,ASHOKLEY.NS
5/12/2022,108.82103729248047,109.5622647440895,104.69797814868595,107.47757048891656,15710048,ASHOKLEY.NS
5/13/2022,113.59265899658203,116.92816800268835,109.79388465438126,109.97918796127182,26943740,ASHOKLEY.NS
5/16/2022,116.325927734375,116.78919306654079,112.34184305020209,113.59265803327611,7836039,ASHOKLEY.NS
5/17/2022,118.17900848388672,118.50329285592018,115.35308666573276,116.279617482325,8320236,ASHOKLEY.NS
5/18/2022,117.11347961425781,119.0591926326125,115.77000588408646,117.29878292310374,8855450,ASHOKLEY.NS
5/19/2022,113.8706283569336,115.90899313943463,113.03674928450371,115.26042445469389,9469872,ASHOKLEY.NS
5/20/2022,120.77327728271484,123.18224851800052,117.90102657932263,120.44898589636104,48165817,ASHOKLEY.NS
5/23/2022,125.82288360595703,130.08491674025603,125.45226280879766,126.93471772195947,49899277,ASHOKLEY.NS
5/24/2022,130.8261260986328,131.56735345267393,126.93470016208681,127.86123082020423,33408702,ASHOKLEY.NS
5/25/2022,128.8341064453125,132.49390016066445,128.185537733612,131.79900208289874,26238449,ASHOKLEY.NS
5/26/2022,127.30533599853516,129.85329589334947,126.19350178107311,129.2510564823981,20373228,ASHOKLEY.NS
5/27/2022,129.9922637939453,131.10409783852677,126.98103893192967,128.6951122938195,13006899,ASHOKLEY.NS
5/30/2022,129.0657196044922,131.7526527767716,128.23183355473498,131.38204617981424,16348475,ASHOKLEY.NS
5/31/2022,127.39797973632812,130.31654598064722,126.70308166503906,129.06573793496938,13924747,ASHOKLEY.NS
6/1/2022,129.62164306640625,131.057768520961,126.98103897680912,128.69511233930476,20070736,ASHOKLEY.NS
6/2/2022,132.9571533203125,133.79102528186107,128.97306854658166,130.13123190303037,18686566,ASHOKLEY.NS
6/3/2022,129.2510528564453,134.57860521432747,128.78778743402077,134.3469725031152,15010235,ASHOKLEY.NS
6/6/2022,128.23182678222656,129.34367478984774,126.19346233114557,128.37081485204655,10879008,ASHOKLEY.NS
6/7/2022,129.482666015625,130.22389340712581,125.77654319585757,127.0273653026237,11174089,ASHOKLEY.NS
6/8/2022,128.32449340820312,131.05775596371882,127.58326606999492,129.7142893656927,8249917,ASHOKLEY.NS
6/9/2022,127.7685775756836,128.4171603743539,126.56409897869358,127.7685775756836,6497797,ASHOKLEY.NS
6/10/2022,127.72227478027344,128.13921080732385,126.00818716738665,126.3787938274897,5175477,ASHOKLEY.NS
6/13/2022,122.16307067871094,124.94266260188765,121.23654003765202,124.94266260188765,10837193,ASHOKLEY.NS
6/14/2022,123.69184875488281,124.85001213273753,121.00491537335452,121.14388932360247,13901625,ASHOKLEY.NS
6/15/2022,124.66472625732422,126.2861552131184,123.92349876427059,124.1551314722412,10895362,ASHOKLEY.NS
6/16/2022,120.35633087158203,128.46347440205486,120.03205361300492,126.37878035136184,13309523,ASHOKLEY.NS
6/17/2022,121.83879852294922,122.76532931019598,118.78124409748733,120.44900234207907,15962411,ASHOKLEY.NS
6/20/2022,123.13592529296875,126.19347945331224,121.14388992821137,122.58001535146597,24607883,ASHOKLEY.NS
6/21/2022,126.70306396484375,127.81489789603751,123.36754803352697,124.98897664002406,14623065,ASHOKLEY.NS
6/22/2022,123.64551544189453,126.93470215746362,122.76531413039365,126.93470215746362,12963055,ASHOKLEY.NS
6/23/2022,129.3900146484375,129.71430606870422,123.92348883349422,124.10879215747346,17315427,ASHOKLEY.NS
6/24/2022,129.71429443359375,132.21592442726583,129.29735845760442,130.5481663855724,19276771,ASHOKLEY.NS
6/27/2022,130.91880798339844,133.5130971126898,130.64084590923537,132.03064214231233,18071109,ASHOKLEY.NS
6/28/2022,134.34695434570312,135.27348506532866,129.9459334274818,130.50185751435185,22073426,ASHOKLEY.NS
6/29/2022,135.7830810546875,136.84858573709673,132.77185618782838,133.09613346007873,18686479,ASHOKLEY.NS
6/30/2022,136.9412384033203,138.47000838219077,134.67124104710138,135.73674568234608,25280957,ASHOKLEY.NS
7/1/2022,135.55145263671875,138.0530828541799,134.02266840434882,137.1265520967693,19976245,ASHOKLEY.NS
7/4/2022,134.39329528808594,136.848596251539,133.28146115629093,135.69043275222378,15633650,ASHOKLEY.NS
7/5/2022,134.16165161132812,136.7559404650812,133.69838624950566,134.99552360751377,7584493,ASHOKLEY.NS
7/6/2022,136.1536865234375,136.6632812471607,134.3469544463614,134.3469544463614,13117153,ASHOKLEY.NS
7/7/2022,137.1265411376953,138.1457305444889,135.5514418035258,137.03388241426453,9948461,ASHOKLEY.NS
7/8/2022,133.51307678222656,138.7942988361828,133.0961266656031,138.7942988361828,13302004,ASHOKLEY.NS
7/11/2022,134.53225708007812,135.45878779569537,131.93796824880246,132.40123360661107,7369326,ASHOKLEY.NS
7/12/2022,132.86451721191406,134.76390826733746,131.98431573873893,134.48594618692985,6011271,ASHOKLEY.NS
7/13/2022,132.58653259277344,134.30060569528078,131.84530529597322,133.7910110451222,5417889,ASHOKLEY.NS
7/14/2022,132.2133331298828,134.17274606226496,131.1403300994822,133.37964696172233,5582880,ASHOKLEY.NS
7/15/2022,135.2457275390625,135.66559760416573,132.2133120595444,132.25996745282853,9289935,ASHOKLEY.NS
7/18/2022,135.94552612304688,137.43841339894564,135.05913053176934,136.1787888700793,8472571,ASHOKLEY.NS
7/19/2022,136.78529357910156,137.85829662272843,134.73256981997778,135.89888366619377,8813335,ASHOKLEY.NS
7/20/2022,138.5580596923828,141.68378592578864,137.11182793905732,137.6250087853634,16932541,ASHOKLEY.NS
7/21/2022,137.578369140625,140.37752218209135,135.89887446829948,138.60473095072078,10604363,ASHOKLEY.NS
7/22/2022,137.34510803222656,139.63108019602535,136.92523791842333,138.79133996841887,7484762,ASHOKLEY.NS
7/25/2022,137.06517028808594,139.2111901863199,135.29237928884692,137.15848107214134,6945596,ASHOKLEY.NS
7/26/2022,135.19908142089844,137.15849417543882,133.56624220452417,137.06518338246903,8811014,ASHOKLEY.NS
7/27/2022,137.90492248535156,138.32479253260897,134.7791963521187,135.1057698540003,6970067,ASHOKLEY.NS
7/28/2022,135.80555725097656,138.93126912947088,133.79948933407806,138.74466180253825,12063886,ASHOKLEY.NS
7/29/2022,139.0245819091797,144.15636177831047,135.80555920235204,137.11182474687652,43495313,ASHOKLEY.NS
8/1/2022,143.92311096191406,147.65531481181785,139.81769242191106,140.33085906149057,32008127,ASHOKLEY.NS
8/2/2022,138.7446746826172,144.80950591291582,137.25180169134188,144.10971769403523,20529622,ASHOKLEY.NS
8/3/2022,138.5580596923828,139.11789593148524,135.2457261250185,139.0245851458925,16399025,ASHOKLEY.NS
8/4/2022,136.13214111328125,140.28422963326577,134.2193978700504,139.4911305539537,17271087,ASHOKLEY.NS
8/5/2022,135.2457275390625,137.67166561756784,134.87251286724342,136.50535197159934,8814930,ASHOKLEY.NS
8/8/2022,135.47900390625,137.85828683098168,135.152444594842,135.85223285286727,9309716,ASHOKLEY.NS
8/10/2022,137.1584930419922,137.62501852852958,134.4059955188672,136.2254420689174,10981469,ASHOKLEY.NS
8/11/2022,136.0854949951172,138.93128917520542,135.29239594468797,137.95159700814736,7303886,ASHOKLEY.NS
8/12/2022,137.29844665527344,139.11790746457905,136.27209911480244,136.59865841699533,10211874,ASHOKLEY.NS
8/16/2022,139.49111938476562,140.0509556591274,137.06518117883508,138.69802036895774,13091575,ASHOKLEY.NS
8/17/2022,137.9982452392578,141.35723472970687,137.6250305124209,140.4241836753854,12229915,ASHOKLEY.NS
8/18/2022,137.4850616455078,138.18484985021064,136.27209257657742,137.71832438040877,12845301,ASHOKLEY.NS
8/19/2022,138.09153747558594,140.37750940391874,137.15848654669685,138.09153747558594,20683857,ASHOKLEY.NS
8/22/2022,132.67984008789062,137.5783574958408,132.3066254088425,137.5783574958408,18184242,ASHOKLEY.NS
8/23/2022,136.83192443847656,137.1584979857149,130.2539262309853,132.30663559829176,12285730,ASHOKLEY.NS
8/24/2022,139.4444580078125,139.7243761329868,135.9921724299354,136.59864983679034,7957128,ASHOKLEY.NS
8/25/2022,137.6716766357422,140.75074775496947,137.43841388787993,140.14425606819066,9278507,ASHOKLEY.NS
8/26/2022,139.49111938476562,141.730436007757,138.55806841898124,138.6513792104508,12636827,ASHOKLEY.NS
8/29/2022,138.2314910888672,138.6513754017183,135.43233826840634,135.75891179235109,6217446,ASHOKLEY.NS
8/30/2022,143.68984985351562,143.96976799288365,139.16454693921176,139.35116852360912,25272576,ASHOKLEY.NS
9/1/2022,151.85403442382812,152.55382260089644,144.62288992745536,144.76284186797827,47154193,ASHOKLEY.NS
9/2/2022,152.6937713623047,154.7931358498005,151.66742393297605,153.3935595248033,21547425,ASHOKLEY.NS
9/5/2022,153.5802001953125,155.0730732520075,152.88041194576624,154.65320314972544,13883480,ASHOKLEY.NS
9/6/2022,153.95339965820312,158.1054733469941,153.44021881189704,154.2799731705507,22525090,ASHOKLEY.NS
9/7/2022,151.10760498046875,153.7201505998697,149.10155104689437,153.48688785237368,17416562,ASHOKLEY.NS
9/8/2022,153.39358520507812,153.8601107248469,151.6207939248484,152.4605341655406,7089460,ASHOKLEY.NS
9/9/2022,155.39964294433594,156.28603852434182,153.86010029116233,154.0467218761977,13694615,ASHOKLEY.NS
9/12/2022,153.95339965820312,156.00610880620044,153.58018499028614,155.39963141152862,9042625,ASHOKLEY.NS
9/13/2022,152.97369384765625,155.3996319085566,152.5538238,154.74649911899942,10294723,ASHOKLEY.NS
9/14/2022,152.08731079101562,153.86010197037544,150.6877343113437,151.15425980456766,15748893,ASHOKLEY.NS
9/15/2022,154.04672241210938,156.6592537649569,152.60049054642215,152.83375329129984,11581259,ASHOKLEY.NS
9/16/2022,149.70802307128906,154.51324403794158,146.6756074637111,153.72014503029934,12601887,ASHOKLEY.NS
9/19/2022,150.54779052734375,152.83376272073778,147.42206385824258,150.22121696947505,14962264,ASHOKLEY.NS
9/20/2022,151.57412719726562,153.67349187932533,151.15425710829928,152.04065268216777,10361490,ASHOKLEY.NS
9/21/2022,151.3408660888672,152.41388325806446,149.75468227051914,150.68773325039777,4911798,ASHOKLEY.NS
9/22/2022,153.48687744140625,154.60653570599538,150.22119919797208,151.1075947308873,11755126,ASHOKLEY.NS
9/23/2022,148.63504028320312,154.1866913763897,147.655333799175,153.72016583516006,10364018,ASHOKLEY.NS
9/26/2022,144.1563720703125,147.84192048291703,140.51747905274908,147.4220504020024,9222006,ASHOKLEY.NS
9/27/2022,140.79739379882812,144.76286065004288,139.02460254847068,144.29633513813528,14874486,ASHOKLEY.NS
9/28/2022,139.7710418701172,141.0773075679611,138.09154723201192,139.8176972673034,10194063,ASHOKLEY.NS
9/29/2022,139.3511505126953,142.2902550031151,138.7913143063172,141.0306306573774,11901521,ASHOKLEY.NS
9/30/2022,142.43023681640625,143.03672854008892,136.5053712025253,139.49113170939427,14608317,ASHOKLEY.NS
10/3/2022,140.23756408691406,146.8622174527624,139.07125037068428,144.8095081596436,19300796,ASHOKLEY.NS
10/4/2022,145.83587646484375,146.67561668329625,142.7101498702832,143.5499043259643,12616277,ASHOKLEY.NS
10/6/2022,146.02247619628906,148.21515166153984,145.60260610898493,146.67560902512082,8705574,ASHOKLEY.NS
10/7/2022,148.96157836914062,149.7546773709808,144.43628980712046,145.5559480988972,15326965,ASHOKLEY.NS
10/10/2022,144.0164031982422,147.37537768805473,142.29025344516455,147.37537768805473,11670510,ASHOKLEY.NS
10/11/2022,139.117919921875,143.92312722677508,138.5580835862308,143.92312722677508,16638825,ASHOKLEY.NS
10/12/2022,139.07125854492188,140.1909169308674,136.97189373231322,139.8177022146285,15310505,ASHOKLEY.NS
10/13/2022,137.25180053710938,140.097594546843,136.31874958644846,139.58442791376163,10774956,ASHOKLEY.NS
10/14/2022,138.09153747558594,140.8906902622532,137.67166740503131,140.8906902622532,8215538,ASHOKLEY.NS
10/17/2022,138.13819885253906,138.6513797331005,135.33904594463445,137.15849248732687,8744843,ASHOKLEY.NS
10/18/2022,139.7710418701172,141.0773075679611,138.7913354781201,138.8379908753063,7573408,ASHOKLEY.NS
10/19/2022,137.01853942871094,140.28421779485578,136.645310501672,139.7710369184446,10506272,ASHOKLEY.NS
10/20/2022,135.05911254882812,136.6919515606447,133.61288086234532,136.6919515606447,13802294,ASHOKLEY.NS
10/21/2022,133.42628479003906,135.75891214650827,132.21331571722956,135.75891214650827,9930495,ASHOKLEY.NS
10/24/2022,134.87254333496094,135.75893905868844,134.12609958547398,135.75893905868844,1549839,ASHOKLEY.NS
10/25/2022,137.39175415039062,138.0915423718697,132.8198101316185,135.5723076219906,10144571,ASHOKLEY.NS
10/27/2022,138.04489135742188,138.74467960110994,136.73862566409545,137.998235960397,6094153,ASHOKLEY.NS
10/28/2022,139.16453552246094,140.42415992766627,137.67166263035008,138.09153268634293,10839720,ASHOKLEY.NS
10/31/2022,143.03671264648438,143.50323811875782,139.58442699910637,139.8643308926884,13770450,ASHOKLEY.NS
11/1/2022,139.72438049316406,144.06306173846139,137.298442315587,143.92310979012058,15420855,ASHOKLEY.NS
11/2/2022,139.4444580078125,140.98400057765755,138.46475168831606,140.0509496518947,6032739,ASHOKLEY.NS
11/3/2022,138.13819885253906,140.2842189293782,137.39175522965226,138.7446762876939,11591419,ASHOKLEY.NS
11/4/2022,136.87857055664062,138.74467244354022,136.45870047953372,137.9049322893264,13308911,ASHOKLEY.NS
11/7/2022,138.2314910888672,138.74467195339716,136.41204460301313,137.57835827820514,10115176,ASHOKLEY.NS
11/9/2022,137.90492248535156,140.2375496781443,136.69195349765405,138.83797336246866,15145032,ASHOKLEY.NS
11/10/2022,136.78529357910156,138.27816675992025,134.6859286559128,138.27816675992025,6103954,ASHOKLEY.NS
11/11/2022,137.8582763671875,143.689844741434,135.43233822860998,142.38357912049378,35596445,ASHOKLEY.NS
11/14/2022,142.52352905273438,143.22331724775597,138.65137340183904,139.9576390043218,25561145,ASHOKLEY.NS
11/15/2022,140.05096435546875,142.94341398666774,139.53778344497624,142.7568066293692,10676227,ASHOKLEY.NS
11/16/2022,138.09153747558594,140.56411674225112,137.20514194058674,140.14424667169646,8207398,ASHOKLEY.NS
11/17/2022,135.05911254882812,138.04487246584745,133.93945435959915,137.62500242453987,15618887,ASHOKLEY.NS
11/18/2022,135.1057891845703,136.0854955931623,133.4262945180167,135.75892204455545,9286865,ASHOKLEY.NS
11/21/2022,134.07940673828125,134.91916106090346,132.166649613517,134.82585027931444,8573670,ASHOKLEY.NS
11/22/2022,134.45265197753906,135.52565491016375,132.8664539209939,134.26603039166685,9316293,ASHOKLEY.NS
11/23/2022,135.71226501464844,136.50536405902608,134.87252481008372,135.10578755993265,4106770,ASHOKLEY.NS
11/24/2022,136.31875610351562,136.92523355554837,135.29239431382973,136.17878991188846,6262744,ASHOKLEY.NS
11/25/2022,138.7913360595703,139.7710424556718,135.94552766602925,136.41205316538915,10154485,ASHOKLEY.NS
11/28/2022,139.95765686035156,141.03065986805595,138.79134305318198,139.86434606088636,8370995,ASHOKLEY.NS
11/29/2022,138.60472106933594,140.28421562192722,138.27814754288877,140.28421562192722,8878462,ASHOKLEY.NS
11/30/2022,138.83798217773438,140.89069139027973,137.3917503789317,139.25785225165066,23390373,ASHOKLEY.NS
12/1/2022,138.7446746826172,140.51748004611807,137.99823106836564,140.23756191112025,8824539,ASHOKLEY.NS
12/2/2022,136.2720947265625,139.30451032811766,135.38569916739962,139.02459219437472,13905579,ASHOKLEY.NS
12/5/2022,137.39175415039062,137.8582796313767,136.31875123901386,137.01853946049292,5524832,ASHOKLEY.NS
12/6/2022,136.13214111328125,137.06519215377594,135.6189744307924,137.06519215377594,6037019,ASHOKLEY.NS
12/7/2022,135.33905029296875,136.50536404206838,134.63926204350895,136.13213510001947,4140013,ASHOKLEY.NS
12/8/2022,135.2924041748047,136.3187660392984,134.8258786431674,135.6189777418425,5468646,ASHOKLEY.NS
12/9/2022,134.03277587890625,136.83192899217735,132.77316552027165,135.99218875308762,6782773,ASHOKLEY.NS
12/12/2022,134.7325439453125,135.66559484309784,131.3735692556214,134.35932928108912,7726853,ASHOKLEY.NS
12/13/2022,134.35934448242188,135.89887294305825,134.21939252681074,135.19908469054562,9717953,ASHOKLEY.NS
12/14/2022,136.92523193359375,137.11183928299118,134.59260447305553,135.05912996516318,8553642,ASHOKLEY.NS
12/15/2022,134.40599060058594,136.8785698938645,133.79949894794373,136.8785698938645,8469270,ASHOKLEY.NS
12/16/2022,131.5601806640625,134.63925156960303,131.18696598827523,133.6128898553471,11806760,ASHOKLEY.NS
12/19/2022,134.49929809570312,135.15244519588086,129.4141729122176,131.28027494191713,11733137,ASHOKLEY.NS
12/20/2022,135.38568115234375,135.89884771915578,132.86643252110807,134.499271473903,9473904,ASHOKLEY.NS
12/21/2022,133.33297729492188,136.22544098329394,132.3066297750557,136.08548903333923,14425614,ASHOKLEY.NS
12/22/2022,132.91310119628906,134.0794148505865,131.23360668665532,133.3329712643907,8520947,ASHOKLEY.NS
12/23/2022,128.6210938,131.98006900888402,128.10791282181196,131.56019888117717,8960739,ASHOKLEY.NS
12/26/2022,131.84011840820312,132.63320327157422,126.14850121351931,128.6210950795371,8015932,ASHOKLEY.NS
12/27/2022,132.35328674316406,133.05307497570692,130.81374408923296,132.4932386947814,6398696,ASHOKLEY.NS
12/28/2022,134.17274475097656,135.19909237062708,131.5601989457429,132.21333183774402,8351518,ASHOKLEY.NS
12/29/2022,134.7325439453125,135.01246206209348,132.49322748551842,132.49322748551842,5631914,ASHOKLEY.NS
12/30/2022,133.7995147705078,135.47900950664066,133.42630004569125,135.1057947818241,4888899,ASHOKLEY.NS
1/2/2023,138.69802856445312,139.02460211666565,135.47900538973445,136.7386299628642,16056291,ASHOKLEY.NS
1/3/2023,137.5316925048828,139.53776041716108,136.27208237306877,138.93126880949382,7886716,ASHOKLEY.NS
1/4/2023,136.03883361816406,138.04488749911,134.9191753070029,137.53170662063633,11333432,ASHOKLEY.NS
1/5/2023,138.51141357421875,138.7913317125131,135.6656052698107,136.412048892853,9365490,ASHOKLEY.NS
1/6/2023,137.8582763671875,140.1909037168861,137.48506168612673,138.5114091776576,9904195,ASHOKLEY.NS
1/9/2023,141.21728515625,141.6838106913057,138.09155837648507,138.79134667906862,13572299,ASHOKLEY.NS
1/10/2023,141.7304229736328,142.57017730794814,140.47081282799965,141.21725637942666,8833963,ASHOKLEY.NS
1/11/2023,139.4444580078125,142.05700344739392,138.65137326325043,141.82374071595322,8530942,ASHOKLEY.NS
1/12/2023,136.97189331054688,140.51749005281405,136.22544964313872,139.44447283178084,8141153,ASHOKLEY.NS
1/13/2023,137.2051544189453,138.18486083082541,136.55202155676812,137.67167992581884,11334303,ASHOKLEY.NS
1/16/2023,136.92523193359375,137.85828291780905,136.5053618381425,137.71833096506802,7634945,ASHOKLEY.NS
1/17/2023,137.01853942871094,137.57836146342765,135.61896298607743,137.15849137808317,6445053,ASHOKLEY.NS
1/18/2023,137.5316925048828,138.1848395034824,136.4120343086393,137.1584778518771,7640677,ASHOKLEY.NS
1/19/2023,136.17877197265625,137.6250036722506,135.75890192754213,137.29843017203606,4558379,ASHOKLEY.NS
1/20/2023,134.40599060058594,136.50535521318272,134.12607247146087,136.41204442439854,7319634,ASHOKLEY.NS
1/23/2023,137.4850616455078,137.81162093203267,134.1727279624689,135.059123507647,8071022,ASHOKLEY.NS
1/24/2023,137.2051544189453,138.37146818612908,136.69197351393873,137.48507257051514,6717503,ASHOKLEY.NS
1/25/2023,136.55201721191406,137.71833094198772,134.35934170448434,137.1584946566611,9706026,ASHOKLEY.NS
1/27/2023,139.3511505126953,142.01033689992605,135.8055544258282,138.55805159319732,20898737,ASHOKLEY.NS
1/30/2023,134.63925170898438,139.95763914920886,133.70620078132296,139.30450634729132,14564336,ASHOKLEY.NS
1/31/2023,139.49111938476562,140.4708257462848,134.35933907295149,135.6656047301585,10568854,ASHOKLEY.NS
2/1/2023,137.81163024902344,143.1766735144581,135.29239538922155,139.91099500506309,15509907,ASHOKLEY.NS
2/2/2023,141.8704071044922,144.62290470136278,136.78528201243833,142.57019535304718,33479957,ASHOKLEY.NS
2/3/2023,143.59652709960938,145.83585779078757,141.4971625850699,142.89673892809623,20503367,ASHOKLEY.NS
2/6/2023,142.61683654785156,145.7892039304882,141.91704836898523,144.15636484646674,8965048,ASHOKLEY.NS
2/7/2023,139.4444580078125,144.29631997433387,138.23148895687532,142.9433989794232,7936698,ASHOKLEY.NS
2/8/2023,138.5580596923828,140.14424338687041,137.39174605860853,140.14424338687041,6693053,ASHOKLEY.NS
2/9/2023,138.88465881347656,139.1645627474119,137.15850862231747,138.55808524091253,7950423,ASHOKLEY.NS
2/10/2023,137.4850616455078,139.21119734143832,136.22543718215172,138.65137532001253,10781219,ASHOKLEY.NS
2/13/2023,139.16453552246094,140.42415992766627,136.73861173382073,137.48505529848956,8770438,ASHOKLEY.NS
2/14/2023,139.25787353515625,139.67774367324347,138.18487048924118,139.16456273236815,6900715,ASHOKLEY.NS
2/15/2023,139.91099548339844,141.73044209740752,138.65138516780527,138.79133712379502,8582737,ASHOKLEY.NS
2/16/2023,140.8440399169922,141.3572207937219,140.004299745782,140.6107771764085,6810891,ASHOKLEY.NS
2/17/2023,138.9312744140625,141.03063895566856,138.5114043531867,140.61076889479276,6358695,ASHOKLEY.NS
2/20/2023,138.60472106933594,139.49111662182847,136.73861917472954,139.49111662182847,5962953,ASHOKLEY.NS
2/21/2023,137.8582763671875,139.0245900420368,137.48506168612673,138.60471996653655,4072289,ASHOKLEY.NS
2/22/2023,133.7995147705078,138.0915552920441,133.42630004569125,137.15850424277352,7608729,ASHOKLEY.NS
2/23/2023,131.1869659423828,134.1727260593184,130.113948834722,133.79949714643442,12095526,ASHOKLEY.NS
2/24/2023,131.84011840820312,132.6798586722971,130.86041194194058,131.18698550977123,8789146,ASHOKLEY.NS
2/27/2023,131.79344177246094,132.7264926876642,128.38781162685987,131.56017904366013,13186652,ASHOKLEY.NS
2/28/2023,135.7589111328125,136.17878120639634,131.56018192251935,132.399922069687,13532276,ASHOKLEY.NS
3/1/2023,134.31268310546875,136.69196590553628,133.75286107071793,135.61896299434298,8465184,ASHOKLEY.NS
3/2/2023,135.4323272705078,135.85221154926188,133.14635550021126,134.35932447135627,7139809,ASHOKLEY.NS
3/3/2023,135.33905029296875,136.13213510001947,134.96582135091984,135.61896844019833,3102815,ASHOKLEY.NS
3/6/2023,136.22543334960938,136.55200686417393,135.29238243625588,135.57230055770734,5860324,ASHOKLEY.NS
3/8/2023,136.17877197265625,136.45869008180782,134.45263640113677,135.29237649136502,3357380,ASHOKLEY.NS
3/9/2023,135.15243530273438,136.64530827487866,134.91917256609673,136.22543819637644,2821699,ASHOKLEY.NS
3/10/2023,135.66561889648438,136.03884786410777,133.33299123844833,134.54596046807293,6039802,ASHOKLEY.NS
3/13/2023,131.46688842773438,135.61897702721038,130.76710013396595,135.2924034618934,8781328,ASHOKLEY.NS
3/14/2023,129.41416931152344,132.7265031695267,128.85434726052668,131.4202374799727,10421492,ASHOKLEY.NS
3/15/2023,128.85433959960938,131.32691887827022,128.01458521719874,131.09365614491628,5759031,ASHOKLEY.NS
3/16/2023,130.3938751220703,130.67379326494793,127.64137756443468,129.5074795339813,10123191,ASHOKLEY.NS
3/17/2023,130.16061401367188,131.9334052121567,129.3208738117008,131.09366501018565,5322993,ASHOKLEY.NS
3/20/2023,126.84825897216797,130.39385501501243,126.33507816223077,130.1605923047888,11494041,ASHOKLEY.NS
3/21/2023,126.33509826660156,128.10790368875266,126.10183551925759,127.12819730246234,6947802,ASHOKLEY.NS
3/22/2023,129.4608154296875,129.92734089069538,126.89492539414415,126.89492539414415,9644757,ASHOKLEY.NS
3/23/2023,128.10791015625,129.8807014306718,127.68804003727946,128.76104303434073,6788078,ASHOKLEY.NS
3/24/2023,128.43446350097656,129.92735078477733,127.54806790500722,128.71438164634273,10215449,ASHOKLEY.NS
3/27/2023,125.58866119384766,128.014585075711,124.46898868520435,127.82797773667957,8383012,ASHOKLEY.NS
3/28/2023,125.63530731201172,126.28845438025549,124.18908969948659,125.58866615333253,6070375,ASHOKLEY.NS
3/29/2023,127.31481170654297,127.64138526580905,125.40205422490386,125.44870962440316,4302841,ASHOKLEY.NS
3/31/2023,129.8806915283203,130.44052780241734,127.82798225201095,127.96793420192128,5703082,ASHOKLEY.NS
4/3/2023,131.5601806640625,133.2396751795598,131.0003444131543,131.5601806640625,6997584,ASHOKLEY.NS
4/5/2023,125.72862243652344,131.980061298352,125.4020488911476,131.79345394552087,24733548,ASHOKLEY.NS
4/6/2023,127.31481170654297,128.43447010838105,126.19515330470489,127.17485974527409,9954768,ASHOKLEY.NS
4/10/2023,128.94764709472656,129.64743535418117,127.3614632207418,127.78133332896884,8906284,ASHOKLEY.NS
4/11/2023,128.34115600585938,130.16060243983094,127.92128594220856,129.6007661968118,8436245,ASHOKLEY.NS
4/12/2023,128.29452514648438,129.50749441349708,127.7346887964078,128.62109872356734,8066242,ASHOKLEY.NS
4/13/2023,128.7610321044922,129.60077227115212,128.20119583523373,128.62108015579145,8297796,ASHOKLEY.NS
4/17/2023,128.99429321289062,129.46081868563164,128.0612422674086,128.76103047652012,7400403,ASHOKLEY.NS
4/18/2023,130.25392150878906,130.5804808069599,129.22755974373106,129.7873960223496,7704419,ASHOKLEY.NS
4/19/2023,128.48110961914062,131.32691778992003,128.34115767517903,130.95370311453763,7661505,ASHOKLEY.NS
4/20/2023,129.6007843017578,129.7407505006791,128.10791117386748,128.29451853520013,5405911,ASHOKLEY.NS
4/21/2023,127.12820434570312,129.60078390964537,126.70833422466771,129.60078390964537,8710613,ASHOKLEY.NS
4/24/2023,127.31481170654297,127.9679445878461,126.89494158550733,127.36146710604227,3718442,ASHOKLEY.NS
4/25/2023,130.76708984375,131.32692612960227,127.36145944362849,127.92129572948076,17810340,ASHOKLEY.NS
4/26/2023,131.5601806640625,132.02670612741025,130.16060427401928,131.140310594495,7681997,ASHOKLEY.NS
4/27/2023,132.67984008789062,132.86644742741467,131.46687102514318,131.65349260189464,6997027,ASHOKLEY.NS
4/28/2023,136.17877197265625,136.5053454728708,132.9597493104794,133.37961935559352,16297382,ASHOKLEY.NS
5/2/2023,134.07940673828125,136.17877118899722,133.61288130478883,136.17877118899722,10087657,ASHOKLEY.NS
5/3/2023,134.07940673828125,135.1524237776497,133.61288130478883,134.07940673828125,2940288,ASHOKLEY.NS
5/4/2023,135.71226501464844,136.2254459117617,133.75286645825466,134.21939195795247,5221273,ASHOKLEY.NS
5/5/2023,134.82586669921875,136.2254431701449,134.12607846375568,135.94552502851403,2777444,ASHOKLEY.NS
5/8/2023,136.83192443847656,137.62502348906767,134.96582242506548,134.96582242506548,7129440,ASHOKLEY.NS
5/9/2023,137.2051544189453,138.8379936930026,136.69197351393873,137.48507257051514,5055299,ASHOKLEY.NS
5/10/2023,138.88465881347656,139.02461078044425,136.87859045115252,137.34511599068423,4728624,ASHOKLEY.NS
5/11/2023,138.9312744140625,140.65742428760717,138.6980116872174,139.44445526056717,7675383,ASHOKLEY.NS
5/12/2023,139.72438049316406,140.42416870932348,137.6250158446858,137.6250158446858,6368388,ASHOKLEY.NS
5/15/2023,143.08338928222656,143.3166520529917,139.11792217921925,139.63108888511883,11634243,ASHOKLEY.NS
5/16/2023,142.33692932128906,143.64319499357833,141.9170592292838,143.36327685316547,7805972,ASHOKLEY.NS
5/17/2023,142.66348266601562,144.0164179153353,141.59047978265258,142.47687532593866,8197687,ASHOKLEY.NS
5/18/2023,142.47686767578125,144.1563621207499,141.9170456856095,143.4099185632942,5065490,ASHOKLEY.NS
5/19/2023,144.34298706054688,144.57624981088298,141.4038821012031,142.47688505785788,7037870,ASHOKLEY.NS
5/22/2023,142.80345153808594,144.52958726283643,142.19695987488086,144.34297991924552,3694625,ASHOKLEY.NS
5/23/2023,142.01036071777344,144.3896436380924,141.54383521328847,143.5032480270167,10231757,ASHOKLEY.NS
5/24/2023,140.3308563232422,144.52958557245495,138.37145788261276,144.52958557245495,22506977,ASHOKLEY.NS
5/25/2023,135.7589111328125,139.95764034310568,134.4526455178345,139.02458940748497,20328296,ASHOKLEY.NS
5/26/2023,135.7589111328125,136.6919620684332,135.10577832532348,136.41204394030152,10268894,ASHOKLEY.NS
5/29/2023,136.31875610351562,137.29844825876415,135.47900166543764,137.29844825876415,7022143,ASHOKLEY.NS
5/30/2023,136.0854949951172,136.5986616589177,134.91918123697332,135.89887340403138,6579187,ASHOKLEY.NS
5/31/2023,136.50537109375,136.9252412176701,135.05913912271038,135.89887937055062,6761906,ASHOKLEY.NS
6/1/2023,137.29844665527344,138.0915456868799,135.89887017871723,136.92523195641638,5844016,ASHOKLEY.NS
6/2/2023,136.36538696289062,137.0651751564817,134.7792032381963,136.55200853763003,8208381,ASHOKLEY.NS
6/5/2023,139.07125854492188,139.72439141695435,136.69197557651964,137.29845304971505,9952669,ASHOKLEY.NS
6/6/2023,140.09759521484375,140.28421679564786,139.02459231135856,139.81769131809298,7809829,ASHOKLEY.NS
6/7/2023,141.777099609375,142.47688787421617,140.1442603247456,140.42417847812783,6642914,ASHOKLEY.NS
6/8/2023,142.75680541992188,143.45659368178423,141.4038842944337,141.4038842944337,10261501,ASHOKLEY.NS
6/9/2023,142.1503143310547,143.6431872709491,141.91705159945613,143.54989072064606,3730672,ASHOKLEY.NS
6/12/2023,142.61683654785156,143.036706607726,141.40386752370452,142.15031109527402,4223042,ASHOKLEY.NS
6/13/2023,143.73651123046875,144.38964409135227,142.7568048205292,142.99006757350392,6347143,ASHOKLEY.NS
6/14/2023,145.88253784179688,146.25575256813167,143.9231249354661,144.15638769873266,7894967,ASHOKLEY.NS
6/15/2023,146.81556701660156,148.58835805835673,145.5092871946314,145.6492533740713,14928825,ASHOKLEY.NS
6/16/2023,153.39358520507812,156.56596728184311,147.5153750457749,149.00824816669754,47565738,ASHOKLEY.NS
6/19/2023,156.70590209960938,158.75861131458439,154.6065374903157,154.88645561900034,25040816,ASHOKLEY.NS
6/20/2023,156.05279541015625,159.13186686659185,154.1400378207622,157.07915730804473,20734673,ASHOKLEY.NS
6/21/2023,152.9270477294922,157.0324805248325,152.55383303774664,156.1927261125632,11324714,ASHOKLEY.NS
6/22/2023,153.02035522460938,155.0730644594452,152.27391161997065,153.20696256646215,9855375,ASHOKLEY.NS
6/23/2023,150.78103637695312,153.2536156530242,148.96157566891614,153.2536156530242,9807312,ASHOKLEY.NS
6/26/2023,153.25363159179688,154.1400272223554,149.28816471651447,150.78105205857113,7159126,ASHOKLEY.NS
6/27/2023,152.6471405029297,154.69984973725485,152.04064884552452,154.04671692231878,7115446,ASHOKLEY.NS
6/28/2023,154.8397979736328,155.67955234747848,152.0873005955755,153.11366230675557,11020417,ASHOKLEY.NS
6/30/2023,156.19271850585938,157.21908021401683,155.02640485442006,155.63289649550484,10445206,ASHOKLEY.NS
7/3/2023,155.95945739746094,162.2575511807297,155.44629077527276,157.68560731443293,15911203,ASHOKLEY.NS
7/4/2023,152.320556640625,156.7525483346095,150.8743249246163,156.7525483346095,12687496,ASHOKLEY.NS
7/5/2023,154.09336853027344,154.41994207850308,152.08731455465863,153.76680921927235,7957466,ASHOKLEY.NS
7/6/2023,156.6529083251953,157.12689594493872,154.89914834616303,156.79509882513665,7384161,ASHOKLEY.NS
7/7/2023,157.56787109375,158.86808610269702,155.73791763112212,157.71233452935124,14419786,ASHOKLEY.NS
7/10/2023,157.1826172,160.74619080751,156.65289340837626,158.09758660807054,11455280,ASHOKLEY.NS
7/11/2023,160.26461791992188,161.3240654220605,156.1231760570744,157.95311480130104,19051040,ASHOKLEY.NS
7/12/2023,163.53927612304688,166.38050319495494,160.89067187537032,161.13145407970455,35713623,ASHOKLEY.NS
7/13/2023,164.02084350585938,166.62128842058635,162.81693246235804,164.35792978033192,18850785,ASHOKLEY.NS
7/14/2023,165.41737365722656,165.65815586051218,162.09458219112076,164.2134626407984,9324330,ASHOKLEY.NS
7/17/2023,166.04339599609375,168.25859513203196,165.7544691186844,166.09155537438826,22197455,ASHOKLEY.NS
7/18/2023,167.0546875,168.0659756797155,164.98396645748952,168.0659756797155,11823649,ASHOKLEY.NS
7/19/2023,166.81390380859375,168.45121981549715,165.85077501674718,167.58440978130685,7331468,ASHOKLEY.NS
7/20/2023,169.2217254638672,169.89591267763177,165.12842810636468,167.1028450651017,10581040,ASHOKLEY.NS
7/21/2023,175.1449737548828,176.44518878448457,168.21043481229134,169.60698329412193,57497953,ASHOKLEY.NS
7/24/2023,175.72283935546875,179.62351377343043,175.24127497537913,177.60093749858257,23614908,ASHOKLEY.NS
7/25/2023,176.05995178222656,178.56407790429878,174.1818535166275,178.41961445932176,16486612,ASHOKLEY.NS
7/26/2023,174.42262268066406,176.92674861550088,173.89289892839025,176.7341258045409,11737389,ASHOKLEY.NS
7/27/2023,175.193115234375,176.15624399255447,173.60395866185027,175.28943398866437,9357073,ASHOKLEY.NS
7/28/2023,172.68899536132812,175.28944016074067,171.48508437121316,175.1449767203985,12155427,ASHOKLEY.NS
7/31/2023,177.2156982421875,177.84172608033228,172.6889958458892,173.79658808143122,11938704,ASHOKLEY.NS
8/1/2023,177.4083251953125,179.0456412453748,176.05995072965632,177.64910739962104,9434360,ASHOKLEY.NS
8/2/2023,173.70028686523438,179.19011814626214,172.25559364937553,178.85301718409,18943324,ASHOKLEY.NS
8/3/2023,174.32630920410156,175.7710023743013,173.41133980221085,174.03736763082586,8436791,ASHOKLEY.NS
8/4/2023,175.77099609375,177.4083120222369,173.89289797883328,175.09680891098225,8649580,ASHOKLEY.NS
8/7/2023,176.30072021484375,176.78228458871868,174.90418646984216,176.7341252120955,6853082,ASHOKLEY.NS
8/8/2023,176.9267578,178.37145101406563,175.57838336951045,176.49335279126618,10760876,ASHOKLEY.NS
8/9/2023,180.6348114013672,181.35715800945357,175.57838514476262,176.9267596013854,17038237,ASHOKLEY.NS
8/10/2023,179.33456420898438,182.60921066527303,178.6122176710619,180.77925728482933,16112114,ASHOKLEY.NS
8/11/2023,180.20140075683594,184.0057565015635,179.3827354147267,181.11637015931285,21149224,ASHOKLEY.NS
8/14/2023,179.96063232421875,181.06822462831354,175.3857702657906,180.15325515586392,14137590,ASHOKLEY.NS
8/16/2023,181.64608764648438,184.43915513560177,178.6603826509354,179.62351139837978,24482093,ASHOKLEY.NS
8/17/2023,181.93502807617188,183.8612857146541,180.49033484731024,182.56107062638628,13147908,ASHOKLEY.NS
8/18/2023,179.52719116210938,182.27211394812176,178.2269761815074,181.59792676971574,8893944,ASHOKLEY.NS
8/21/2023,179.96063232421875,181.98319410076317,177.8417370875817,180.3458779875091,8961440,ASHOKLEY.NS
8/22/2023,180.97189331054688,182.0313408553725,179.52720012915503,180.82742987087929,9617845,ASHOKLEY.NS
8/23/2023,180.68296813964844,182.32028415480494,179.09379680738368,181.83871975645425,8889071,ASHOKLEY.NS
8/24/2023,178.99749755859375,182.17581091622856,178.41961438656222,181.93502871057868,11822398,ASHOKLEY.NS
8/25/2023,179.0937957763672,180.58664834189602,177.84172540862758,178.99749171495895,13286843,ASHOKLEY.NS
8/28/2023,180.58665466308594,181.9831885199112,178.9974979805226,179.9606268053924,20843768,ASHOKLEY.NS
8/29/2023,181.16453552246094,182.89815562813934,180.68297111617707,181.16453552246094,16770194,ASHOKLEY.NS
8/30/2023,180.87557983398438,183.95758885461666,180.5866382735111,182.75367793279324,17366765,ASHOKLEY.NS
8/31/2023,177.07122802734375,183.0426233873901,175.2894339466672,181.79055306282106,197084238,ASHOKLEY.NS
9/1/2023,177.4083251953125,178.5640768367577,174.32631591939878,177.841730223832,13776902,ASHOKLEY.NS
9/4/2023,176.97491455078125,178.612230548886,176.34888671791677,178.27514429125858,8555408,ASHOKLEY.NS
9/5/2023,176.6378173828125,178.17882935298573,176.01178953653047,177.02307772344545,7849925,ASHOKLEY.NS
9/6/2023,175.3376007080078,176.92675734707788,174.8078769295914,176.54151170614549,11766095,ASHOKLEY.NS
9/7/2023,175.28944396972656,176.78229656914417,174.71156080344252,175.57838555286858,4142881,ASHOKLEY.NS
9/8/2023,176.83045959472656,178.66039849872138,175.86733076184936,177.21570524940557,10389774,ASHOKLEY.NS
9/11/2023,178.03436279296875,178.41960843067673,177.21569744261546,177.9380440354522,5235163,ASHOKLEY.NS
9/12/2023,173.3150177001953,179.04563089213278,170.32932735712316,178.75670402061314,17054738,ASHOKLEY.NS
9/13/2023,172.88162231445312,174.66341650090115,171.0998281280051,173.36318672201426,10543487,ASHOKLEY.NS
9/14/2023,173.26687622070312,174.47078729698978,172.4482255065363,173.3631949852781,7169478,ASHOKLEY.NS
9/15/2023,176.25257873535156,176.97492536951285,173.79659723996724,174.13369821438113,9610066,ASHOKLEY.NS
9/18/2023,176.87860107421875,177.50464362195228,175.3376037872474,177.50464362195228,7405887,ASHOKLEY.NS
9/20/2023,175.5302276611328,177.36016654291424,174.42263539524083,176.49335648231872,5632691,ASHOKLEY.NS
9/21/2023,172.73715209960938,176.2044068804306,171.62954518792765,175.57837905361228,8185965,ASHOKLEY.NS
9/22/2023,172.25558471679688,173.8447412933617,171.2442965789017,172.7371490971109,8734004,ASHOKLEY.NS
9/25/2023,175.72283935546875,176.44518592560317,170.42563117448287,172.40004807208604,14574686,ASHOKLEY.NS
9/26/2023,172.97793579101562,175.77100339108733,172.11111106617412,175.7228440125663,10096336,ASHOKLEY.NS
9/27/2023,172.68899536132812,173.45950133423753,172.01480814609957,172.8816181805107,5758850,ASHOKLEY.NS
9/28/2023,167.68072509765625,173.36317897445866,167.15100133377632,172.83345521057873,11926185,ASHOKLEY.NS
9/29/2023,170.47378540039062,171.19613194869737,167.873340765722,168.83646949679763,9219280,ASHOKLEY.NS
10/3/2023,171.05166625976562,173.363169305366,170.37746439996906,171.4369118686397,12355525,ASHOKLEY.NS
10/4/2023,166.5731201171875,170.85904026324275,165.4655278949659,170.85904026324275,8931833,ASHOKLEY.NS
10/5/2023,165.89892578125,168.6438485739539,165.417361410332,167.584401079463,8793260,ASHOKLEY.NS
10/6/2023,165.56182861328125,167.1028405137818,164.55055516826755,166.9102177002639,4756787,ASHOKLEY.NS
10/9/2023,165.36920166015625,166.71759071338533,161.80562826265486,163.73188574197218,15617295,ASHOKLEY.NS
10/10/2023,167.1991729736328,168.7401703042674,165.8507837761252,165.94710253886856,8560915,ASHOKLEY.NS
10/11/2023,169.84776306152344,170.2811680651988,166.71759458494324,168.45121459964474,8498617,ASHOKLEY.NS
10/12/2023,168.0659637451172,170.52194495111527,167.39177657190822,170.47378557527648,7258388,ASHOKLEY.NS
10/13/2023,169.3180389404297,170.32932707762475,166.95837641776023,167.53624485602987,10334900,ASHOKLEY.NS
10/16/2023,169.7996063232422,171.4369223048959,169.17356380048892,170.04038851749064,10119504,ASHOKLEY.NS
10/17/2023,170.0885467529297,171.7740221013459,169.79960518253688,171.14797958279834,6583163,ASHOKLEY.NS
10/18/2023,169.1254119873047,173.17054974087714,168.88462980320898,170.81088727597472,12286670,ASHOKLEY.NS
10/19/2023,170.2811737060547,170.61825996622272,166.33233977247016,168.54753893774492,6859356,ASHOKLEY.NS
10/20/2023,165.85076904296875,170.76273158293404,165.36920466439094,169.51066125939596,6177198,ASHOKLEY.NS
10/23/2023,164.21347045898438,166.86207482122606,163.34666036435914,165.8507865800432,9887314,ASHOKLEY.NS
10/25/2023,163.25033569335938,166.09156278536483,160.45726798179734,164.6468695491404,6132925,ASHOKLEY.NS
10/26/2023,160.4091033935547,162.52798379865692,159.06071426581394,162.52798379865692,5001214,ASHOKLEY.NS
10/27/2023,161.95010375976562,162.67245036832153,159.59044111105214,161.32407591082224,5166324,ASHOKLEY.NS
10/30/2023,161.75747680664062,162.96138779016158,159.01256858192022,162.96138779016158,7160314,ASHOKLEY.NS
10/31/2023,161.51669311523438,163.7800516217799,160.84250590993747,162.91322690395913,7900834,ASHOKLEY.NS
11/1/2023,159.0125732421875,161.0832943160597,158.67547227845043,160.89067149228683,5777070,ASHOKLEY.NS
11/2/2023,162.28720092773438,162.7687653221787,160.0720017740547,160.0720017740547,6522631,ASHOKLEY.NS
11/3/2023,162.09457397460938,164.74317807649456,161.80563240607708,163.68373055726903,5010531,ASHOKLEY.NS
11/6/2023,162.9613800048828,163.82820468931382,162.52797501075645,163.25032156635982,4743132,ASHOKLEY.NS
11/7/2023,162.52798461914062,163.39479465863772,162.0464202202691,163.05770839713514,2843580,ASHOKLEY.NS
11/8/2023,167.1510009765625,167.48808722836299,163.25032651873747,163.68373152601163,6599319,ASHOKLEY.NS
11/9/2023,164.1171417236328,168.11413506333994,162.52798508130948,168.06597568408003,9780567,ASHOKLEY.NS
11/10/2023,167.39178466796875,167.82518967912384,162.3353585800755,164.98396272135292,11807704,ASHOKLEY.NS
11/13/2023,167.53623962402344,169.55881583525033,166.52495151840998,169.55881583525033,7801108,ASHOKLEY.NS
11/15/2023,168.30674743652344,169.46249898612228,167.48808212846103,169.46249898612228,6875266,ASHOKLEY.NS
11/16/2023,167.9215087890625,169.7032882156029,167.58440783735486,168.5475366180293,7688151,ASHOKLEY.NS
11/17/2023,167.87335205078125,169.7996096424226,166.91022325496056,168.49937988959303,17957303,ASHOKLEY.NS
11/20/2023,165.80262756347656,168.54755069614296,164.69503525165968,168.54755069614296,8214342,ASHOKLEY.NS
11/21/2023,171.48507690429688,172.1111047134261,165.9470865909068,166.23602815518893,16566555,ASHOKLEY.NS
11/22/2023,171.82215881347656,174.5670815606252,169.8959013617731,172.8816062903847,15082128,ASHOKLEY.NS
11/23/2023,171.38876342773438,172.88161597567372,170.76273559933023,172.15926939081717,5527714,ASHOKLEY.NS
11/24/2023,171.58139038085938,173.21872110294936,169.31804651145254,171.72586851902102,9603238,ASHOKLEY.NS
11/28/2023,172.35189819335938,174.32631519977502,171.58139220351677,172.7371585363704,8345825,ASHOKLEY.NS
11/29/2023,174.7597198486328,175.7710080396034,171.91849279489975,173.31502663186896,14337989,ASHOKLEY.NS
11/30/2023,176.3970184326172,177.9861896315049,173.6039510350733,175.00048473384524,22948832,ASHOKLEY.NS
12/1/2023,169.7996063232422,177.40831778302166,168.59569535199995,176.87859401643928,13166604,ASHOKLEY.NS
12/4/2023,168.017822265625,173.2668714752368,167.77704005696225,172.88162581984832,29222922,ASHOKLEY.NS
12/5/2023,168.49937438964844,170.47379129587023,166.71759499324625,168.98093877184016,17939963,ASHOKLEY.NS
12/6/2023,170.1848602294922,170.66642464140142,168.21044320142835,169.4143542312015,14066029,ASHOKLEY.NS
12/7/2023,171.24429321289062,172.54450819647406,169.0290941677528,170.4256279039772,15620115,ASHOKLEY.NS
12/8/2023,168.4512176513672,171.62954556286405,167.43994418986358,171.2442999295464,13046260,ASHOKLEY.NS
12/11/2023,169.07725524902344,169.99222462362596,167.92150368656874,168.40306806227306,8509640,ASHOKLEY.NS
12/12/2023,165.85076904296875,169.9440662608803,164.8876402858131,169.22171969301357,12084177,ASHOKLEY.NS
12/13/2023,167.8251953,168.7883241234756,163.73189786585365,166.57312491899583,16351696,ASHOKLEY.NS
12/14/2023,169.5106658935547,170.18485310275918,168.11413209673563,168.5475371100686,14787422,ASHOKLEY.NS
12/15/2023,167.87335205078125,170.13669590325236,167.34362827384405,169.99223246235093,13155057,ASHOKLEY.NS
12/18/2023,168.8364715576172,169.36619530541023,167.10283688128462,167.8733428147856,11861227,ASHOKLEY.NS
12/19/2023,168.8364715576172,170.37746872844076,167.82518343840832,169.7996003004488,8786502,ASHOKLEY.NS
12/20/2023,163.7318878173828,172.35188720735638,162.57613625437816,170.4737890804515,22142946,ASHOKLEY.NS
12/21/2023,163.10586547851562,164.93580428997663,159.15703158492636,161.99825855900696,20414172,ASHOKLEY.NS
12/22/2023,165.6581573486328,166.42866334530422,164.45424632138986,165.6581573486328,11274911,ASHOKLEY.NS
12/26/2023,167.4880828857422,168.4512116307923,166.13970852114338,166.86205507993097,12825482,ASHOKLEY.NS
12/27/2023,167.72886657714844,169.55882002687207,166.66943376579334,168.45121314241814,13576279,ASHOKLEY.NS
12/28/2023,168.8364715576172,169.7032815476943,167.72886468565383,168.54752999553205,10480244,ASHOKLEY.NS
12/29/2023,174.8560333251953,176.25256711997022,168.93278249771848,170.76273600137088,38292309,ASHOKLEY.NS
1/1/2024,179.0937957763672,181.11637211626805,174.95233903515722,175.7710043861121,39354793,ASHOKLEY.NS
1/2/2024,173.74842834472656,182.6092249955358,173.07424112899432,180.58664865216,34044615,ASHOKLEY.NS
1/3/2024,173.07424926757812,175.38576729672926,171.38877380090076,175.38576729672926,11113724,ASHOKLEY.NS
1/4/2024,173.26687622070312,174.7115695122471,172.92978993705094,174.7115695122471,12256991,ASHOKLEY.NS
1/5/2024,172.8334503173828,175.43389498914112,171.62953938636707,174.326302811078,12044079,ASHOKLEY.NS
1/8/2024,171.58139038085938,175.14497870900414,170.8590437785888,173.84474894644546,13359269,ASHOKLEY.NS
1/9/2024,170.7627410888672,173.8447503440973,170.42564012662572,172.8334621535523,6590559,ASHOKLEY.NS
1/10/2024,168.88462829589844,171.24429073974065,167.3436164529682,171.24429073974065,11158390,ASHOKLEY.NS
1/11/2024,170.0885467529297,171.29245771608413,169.3180407972751,171.00351614569132,8627771,ASHOKLEY.NS
1/12/2024,170.13670349121094,170.85905012029252,169.02911120509108,170.28118163473513,7613337,ASHOKLEY.NS
1/15/2024,169.7996063232422,171.24429948873288,169.02910036241138,170.95535791639898,12534198,ASHOKLEY.NS
1/16/2024,168.88462829589844,172.54450570454605,167.6325580105399,169.79959764806034,9460820,ASHOKLEY.NS
1/17/2024,165.08026123046875,168.3549077854593,164.55055217696852,167.77702465923204,16212300,ASHOKLEY.NS
1/18/2024,167.1510009765625,168.0659703688477,161.80563336370437,164.50239685900186,16760144,ASHOKLEY.NS
1/19/2024,165.99525451660156,168.98094497814094,165.51369011672304,168.88464091587275,10379868,ASHOKLEY.NS
1/23/2024,163.97267150878906,169.2698796926266,162.57613774501306,168.4993737448327,13224397,ASHOKLEY.NS
1/24/2024,164.3097686767578,165.1284192868266,161.5166865172277,164.6950142937104,10547781,ASHOKLEY.NS
1/25/2024,163.49111938476562,166.33234650258453,162.33536772452163,164.69503042589056,10840926,ASHOKLEY.NS
1/29/2024,167.29547119140625,168.59570096208503,162.52798652588288,164.45424414396743,16590997,ASHOKLEY.NS
1/30/2024,166.2841797,168.35491540336463,165.94709342876322,168.30675602463677,10850911,ASHOKLEY.NS
1/31/2024,169.4143524169922,169.75145338019055,165.2729102758658,166.28418377310214,14225380,ASHOKLEY.NS
2/1/2024,168.30674743652344,170.66640991199154,167.2954593195576,170.66640991199154,12127881,ASHOKLEY.NS
2/2/2024,167.632568359375,168.74016058623613,162.0945778327114,166.81390301174443,22676967,ASHOKLEY.NS
2/5/2024,172.6408233642578,175.1931085982847,166.7657322834325,169.41433626810033,56970804,ASHOKLEY.NS
2/6/2024,173.3150177001953,179.9606149725403,169.65512546710107,179.9606149725403,72074448,ASHOKLEY.NS
2/7/2024,171.24429321289062,176.20440035415677,170.4737872802977,176.20440035415677,24524288,ASHOKLEY.NS
2/8/2024,169.5106658935547,172.11111066973137,166.71759829991657,171.91848785226995,15164312,ASHOKLEY.NS
2/9/2024,167.0546875,169.89591452211178,163.58743263606297,169.6069876389181,15647861,ASHOKLEY.NS
2/12/2024,165.03213500976562,167.9215215717375,164.02084677383945,167.9215215717375,14119007,ASHOKLEY.NS
2/13/2024,166.5731201171875,167.4880895220026,163.4911109501466,165.4655278949659,9548570,ASHOKLEY.NS
2/14/2024,167.247314453125,168.25860265782694,163.78005950352062,164.59871018642824,9320305,ASHOKLEY.NS
2/15/2024,168.0659637451172,169.0290924771809,167.15099438889231,168.0659637451172,5903195,ASHOKLEY.NS
2/16/2024,167.77703857421875,170.2811794006526,166.6212869220876,168.35492174837412,10827587,ASHOKLEY.NS
2/19/2024,165.85076904296875,168.0659681236625,165.4655234185779,167.92150468856056,11146517,ASHOKLEY.NS
2/20/2024,166.5731201171875,168.40307362299666,165.17658632076666,166.2841785429883,16854882,ASHOKLEY.NS
2/21/2024,164.9839630126953,170.85903975510533,164.50239862252175,167.969653414064,34084215,ASHOKLEY.NS
2/22/2024,166.62127685546875,167.19915999471067,160.26462110852273,166.33233528584782,14645325,ASHOKLEY.NS
2/23/2024,167.58441162109375,168.0659760223038,165.51369057436227,167.1028472198837,10916517,ASHOKLEY.NS
2/26/2024,167.58441162109375,169.60698798464762,165.41737181564858,167.77703444234191,17724350,ASHOKLEY.NS
2/27/2024,167.58441162109375,168.93278606601018,165.85077683750177,167.5362522417369,9973480,ASHOKLEY.NS
2/28/2024,163.05770874023438,168.0178161805763,162.52798496112524,167.58441115991582,12160659,ASHOKLEY.NS
2/29/2024,163.6355743408203,164.45423968477982,161.51669395761678,163.10586526715363,21249116,ASHOKLEY.NS
3/1/2024,165.61000061035156,166.9583898000828,164.309785497894,164.69503115428594,12067167,ASHOKLEY.NS
3/4/2024,165.70631408691406,167.53625294067479,164.4060843197509,165.65815470735632,17740019,ASHOKLEY.NS
3/5/2024,165.56182861328125,167.1028405137818,165.22474236366958,165.56182861328125,8299824,ASHOKLEY.NS
3/6/2024,164.40606689453125,165.85075995106698,162.76875103635962,165.5618184005243,9408878,ASHOKLEY.NS
3/7/2024,164.74317932128906,165.8989309079724,164.30977431330516,164.40607837275783,5632664,ASHOKLEY.NS
3/11/2024,163.34664916992188,166.38049898937516,162.91322945613217,165.60999301574572,15018946,ASHOKLEY.NS
3/12/2024,161.13145446777344,163.87636278608684,160.8425128826406,163.73189934161016,10111311,ASHOKLEY.NS
3/13/2024,153.90797424316406,161.61300409567613,153.18562769449105,161.3240625369713,14467593,ASHOKLEY.NS
3/14/2024,158.0494384765625,158.3865247314288,151.74094203630602,152.2706658038718,15289732,ASHOKLEY.NS
3/15/2024,155.8824005126953,158.77178688218973,154.34138857049334,158.2420631085466,19074491,ASHOKLEY.NS
3/18/2024,156.65289306640625,157.42339904379702,153.85982543156624,156.2194880466799,13639776,ASHOKLEY.NS
3/19/2024,155.83424377441406,156.989995402559,154.0524496045636,156.9418360230156,16013195,ASHOKLEY.NS
3/20/2024,155.5934600830078,156.84553045825047,154.14876688761532,156.07502448147198,7987167,ASHOKLEY.NS
3/21/2024,160.6980438232422,161.0351300806362,156.60474648272512,157.37523775458513,12691900,ASHOKLEY.NS
3/22/2024,160.5054168701172,162.23905173823084,159.92754837819928,160.64989501523164,11280627,ASHOKLEY.NS
3/26/2024,162.38351440429688,163.9726709758113,160.842502513718,161.08328470310977,20210770,ASHOKLEY.NS
3/27/2024,162.76876831054688,165.03212688446112,162.3835226663901,163.97267931876098,13066444,ASHOKLEY.NS
3/28/2024,164.93580627441406,166.23603602716577,163.2984902608528,164.40608249750858,16280598,ASHOKLEY.NS
4/1/2024,168.21043395996094,168.93278053813916,166.62127736644038,166.62127736644038,21306967,ASHOKLEY.NS
4/2/2024,169.9922332763672,171.7740274356393,168.06597567550182,168.54754007571816,34582301,ASHOKLEY.NS
4/3/2024,172.66770935058594,173.85680963340184,169.4472212278347,170.1408617994581,14248923,ASHOKLEY.NS
4/4/2024,171.42906188964844,173.2127198928932,170.9831511688949,172.41998132253656,8582623,ASHOKLEY.NS
4/5/2024,174.4018096923828,174.8972693790089,169.84357452733093,171.2308707220218,15436402,ASHOKLEY.NS
4/8/2024,175.59091186523438,176.5818312494854,173.95590092931215,174.50090961469618,22040896,ASHOKLEY.NS
4/9/2024,174.4513702392578,176.03683226933092,173.50999979636586,175.59092154588006,7282933,ASHOKLEY.NS
4/10/2024,176.87911987304688,178.960056743175,174.40182127538515,174.69910013115071,15885567,ASHOKLEY.NS
4/12/2024,176.73048400878906,179.55459527412205,175.49183473796836,176.28455817510934,16842899,ASHOKLEY.NS
4/15/2024,173.26226806640625,174.60000022231898,171.37951208071462,172.56861237049165,11891660,ASHOKLEY.NS
4/16/2024,174.59999084472656,175.69000820527958,170.48768148671513,171.7758796982151,11464985,ASHOKLEY.NS
4/18/2024,168.15902709960938,174.89728236196348,167.5149355072752,174.89728236196348,20636185,ASHOKLEY.NS
4/19/2024,167.8122100830078,168.45630165890557,164.74035382819443,166.47446281585962,10957286,ASHOKLEY.NS
4/22/2024,171.13177490234375,171.82541544835263,168.70402543119775,169.44721497054223,12831083,ASHOKLEY.NS
4/23/2024,173.06407165527344,173.36135050703788,171.18133079448276,171.42906065091472,9131403,ASHOKLEY.NS
4/24/2024,175.98728942871094,176.78001284325052,172.81633528963297,173.90635266496975,13300471,ASHOKLEY.NS
4/25/2024,176.0863800048828,177.1763974279431,175.44228842231212,176.38365885846568,11988994,ASHOKLEY.NS
4/26/2024,183.32008361816406,185.5001032101179,175.78909035116385,176.3836480218011,48050897,ASHOKLEY.NS
4/29/2024,183.6669158935547,186.2928462419584,183.17145619610267,185.50010770198915,15675179,ASHOKLEY.NS
4/30/2024,190.90061950683594,192.48609662104738,183.96418359256396,185.0542009986131,55035190,ASHOKLEY.NS
5/2/2024,199.52163696289062,200.1161795597309,192.7338326939571,194.07157999725172,50511799,ASHOKLEY.NS
5/3/2024,200.46299743652344,203.23757477769718,198.48115863857507,201.89982754099,26107306,ASHOKLEY.NS
5/6/2024,199.0261688232422,203.0393803229722,198.48116012567695,201.85028005933995,17426209,ASHOKLEY.NS
5/7/2024,192.33746337890625,199.86844181688755,190.75198627605215,199.71980995359573,16416394,ASHOKLEY.NS
5/8/2024,196.5488739013672,197.83705705705705,190.90062108542648,192.73382806887818,12219792,ASHOKLEY.NS
5/9/2024,192.88246154785156,200.3639062895929,192.23836996461904,197.09386913728264,14749855,ASHOKLEY.NS
5/10/2024,196.49932861328125,198.08479065028436,192.33746997583074,194.22021086984407,12391915,ASHOKLEY.NS
5/13/2024,197.539794921875,198.1343375092514,188.32424117534993,197.7379757843338,18601645,ASHOKLEY.NS
5/14/2024,202.69256591796875,204.03029803334866,198.03524777065599,198.23342862624227,19216483,ASHOKLEY.NS
5/15/2024,199.5711669921875,203.68349169549347,198.6793455540024,203.33666384718228,10515237,ASHOKLEY.NS
5/16/2024,204.7734832763672,205.5662218022741,200.66117390855536,200.95845274579918,19482108,ASHOKLEY.NS
5/17/2024,205.9626007080078,208.04352234929695,204.52575550017184,205.4671410143347,14071079,ASHOKLEY.NS
5/21/2024,209.43081665039062,210.02535920522877,207.15169905627,209.03443982693543,15423923,ASHOKLEY.NS
5/22/2024,206.30941772460938,209.92628263600108,204.27802991413324,209.92628263600108,11330579,ASHOKLEY.NS
5/23/2024,210.42173767089844,211.75946976989678,204.27802538134793,207.74624323244197,18192042,ASHOKLEY.NS
5/24/2024,208.78671264648438,217.45725731718747,205.12031392406163,210.81810042195224,44277487,ASHOKLEY.NS
5/27/2024,224.6414337158203,226.22691086573784,210.66947870312362,214.03859874641003,82852947,ASHOKLEY.NS
5/28/2024,224.79006958007812,228.7041981449735,222.26322211253836,225.68189098263102,27423811,ASHOKLEY.NS
5/29/2024,219.6372833251953,226.92054710797578,219.09228974055264,220.97503058986288,20861689,ASHOKLEY.NS
5/30/2024,217.75454711914062,221.4704950221976,216.3177169540047,219.6372880085972,10163073,ASHOKLEY.NS
5/31/2024,221.9659423828125,223.65050231435035,217.70498600052503,219.9841036115374,25224364,ASHOKLEY.NS
6/3/2024,234.35244750976562,235.78927767341148,228.90239059093386,232.86606835008422,27249178,ASHOKLEY.NS
6/4/2024,205.86351013183594,232.86606440905632,190.25652921931407,232.86606440905632,45845987,ASHOKLEY.NS
6/5/2024,222.1145782470703,223.4523254898912,203.33665857473744,213.3944995924294,29006990,ASHOKLEY.NS
6/6/2024,223.6505126953125,228.95193770263631,221.5200419653958,223.35323384177676,18592488,ASHOKLEY.NS
6/7/2024,229.34829711914062,230.04193769025647,222.11458231697716,223.65051044459614,13365598,ASHOKLEY.NS
6/10/2024,229.31857299804688,231.82559794984732,226.74219154856897,231.77604895423167,17582561,ASHOKLEY.NS
6/11/2024,235.7991943359375,236.68111202427798,228.0105670073568,230.24013572599367,13553181,ASHOKLEY.NS
6/12/2024,235.87844848632812,239.30703628013737,235.15508155442527,236.82973776792062,12247408,ASHOKLEY.NS
6/13/2024,234.63980102539062,238.33594132046198,233.41107063087773,236.73064159050728,9109087,ASHOKLEY.NS
6/14/2024,237.6621094,240.48623576190548,233.74798070139252,234.84790185921324,17009595,ASHOKLEY.NS
6/18/2024,237.06756591796875,240.44658962647114,235.98745226592908,238.4152169250751,12642828,ASHOKLEY.NS
6/19/2024,231.88504028320312,237.7017473660127,229.4473870587787,236.8297334670746,12166591,ASHOKLEY.NS
6/20/2024,234.70916748046875,235.7397169938712,231.1715779980429,231.88504116894845,6600075,ASHOKLEY.NS
6/21/2024,233.51014709472656,235.9973644287434,232.4201448430491,234.74879632633497,7688518,ASHOKLEY.NS
6/24/2024,238.11793518066406,239.2079374500669,229.13028895224812,231.47877821532455,17966888,ASHOKLEY.NS
6/25/2024,239.6637725830078,243.43917317062173,238.7124832827109,238.81158127324014,13089173,ASHOKLEY.NS
6/26/2024,238.00894165039062,241.66543678690533,237.12702395753664,239.40614168340903,6266436,ASHOKLEY.NS
6/27/2024,239.96104431152344,240.486230381232,236.1658212144124,238.00893189384072,6615344,ASHOKLEY.NS
6/28/2024,239.69349670410156,241.7347882798887,238.42512106244294,239.10885787807132,5963889,ASHOKLEY.NS
7/1/2024,236.6117401123047,241.0807812950451,233.23270122962677,239.7034038931642,10772576,ASHOKLEY.NS
7/2/2024,232.3904266357422,236.82974140412998,231.33013559852355,236.73064341402772,9422599,ASHOKLEY.NS
7/3/2024,227.3862762451172,233.8272523541107,224.0964165748131,233.16333816961128,17206470,ASHOKLEY.NS
7/4/2024,225.04771423339844,229.7942116898754,224.3937037752759,229.19966909904366,10961313,ASHOKLEY.NS
7/5/2024,227.4754638671875,228.35738156258265,223.9477930856069,224.93871252403878,13557431,ASHOKLEY.NS
7/8/2024,223.99732971191406,229.17983385505815,222.80822947550683,227.91145825352646,11746524,ASHOKLEY.NS
7/9/2024,226.2070770263672,228.35737028716338,225.1864312647964,225.1864312647964,13237954,ASHOKLEY.NS
7/10/2024,223.91806030273438,227.19800113082334,219.24091947759396,226.42508520058857,10970675,ASHOKLEY.NS
7/11/2024,224.87925720214844,226.42508908916582,223.1550519557357,223.94779052145066,6829086,ASHOKLEY.NS
7/12/2024,222.2235870361328,225.92963116608763,221.92632330183562,225.83053317450148,9394331,ASHOKLEY.NS
7/15/2024,226.1278076171875,226.61336357411724,221.3713913982338,222.95686851129517,11695271,ASHOKLEY.NS
7/16/2024,226.33590698242188,228.60510578759883,225.49361943242295,228.60510578759883,9385976,ASHOKLEY.NS
7/18/2024,226.2566375732422,228.23847645344904,223.51178649049112,227.41601150373552,8461245,ASHOKLEY.NS
7/19/2024,221.91639709472656,226.72236224340378,220.9750266866992,226.25662891475957,7812680,ASHOKLEY.NS
7/22/2024,228.6051025390625,230.83467118889774,220.49938910537188,223.10549684542283,18930934,ASHOKLEY.NS
7/23/2024,227.54483032226562,231.28058563381805,217.35817993595415,229.18974506136175,18414004,ASHOKLEY.NS
7/24/2024,230.38876342773438,231.37968284032678,225.0873385222729,225.92962607106855,6724938,ASHOKLEY.NS
7/25/2024,230.31939697265625,231.35986540324149,222.80824096268162,227.72319289195627,21033162,ASHOKLEY.NS
7/26/2024,244.14273071289062,246.6299330054011,232.96516090268835,232.96516090268835,45804874,ASHOKLEY.NS
7/29/2024,254.02220153808594,256.4995001092776,246.73893769069022,246.73893769069022,28698736,ASHOKLEY.NS
7/30/2024,251.28724670410156,254.07172779539596,249.2856004051608,254.07172779539596,10302462,ASHOKLEY.NS
7/31/2024,254.75546264648438,256.64812231247015,250.60350797825433,251.69352535663094,9627255,ASHOKLEY.NS
8/1/2024,247.92803955078125,256.10314000771183,244.70755138783886,256.10314000771183,17612711,ASHOKLEY.NS
8/2/2024,247.87847900390625,251.0494331435297,242.2302415130756,243.5184397422689,10065906,ASHOKLEY.NS
8/5/2024,241.78433227539062,245.54982899880747,237.82065469710554,237.82065469710554,16265652,ASHOKLEY.NS
8/6/2024,240.94204711914062,249.66214090144965,240.05022570331943,242.13116250054244,11070020,ASHOKLEY.NS
8/7/2024,245.0543670654297,246.44164815707867,241.98251092219706,244.11299667322288,5262867,ASHOKLEY.NS
8/8/2024,244.06346130371094,247.23440049036284,242.9238948746029,245.0048317484658,10675857,ASHOKLEY.NS
8/9/2024,250.8017120361328,252.2880911707913,244.95527836767118,245.7480169302018,11598638,ASHOKLEY.NS
8/12/2024,249.76124572753906,251.49535473262185,247.3334961444693,247.6803088733475,9417006,ASHOKLEY.NS
8/13/2024,249.41441345214844,252.93218039550516,248.77032188121186,251.04943955720566,8115854,ASHOKLEY.NS
8/14/2024,244.2120819091797,250.058515412667,243.46889236282172,249.21622787870263,4645867,ASHOKLEY.NS
8/16/2024,253.62582397460938,254.56719440494393,246.24347727746002,246.7884859856212,11252720,ASHOKLEY.NS
8/19/2024,255.1617431640625,257.7876735019308,253.3780852363454,255.6572028595267,14623178,ASHOKLEY.NS
8/20/2024,257.6390380859375,259.3731469961313,254.51764809568056,255.75629731724754,8623913,ASHOKLEY.NS
8/21/2024,257.88677978515625,259.1254290636632,255.8058429491723,256.1031369202905,3577864,ASHOKLEY.NS
8/22/2024,259.3731689453125,260.01726054694103,257.39133002309427,257.8372558767782,4207060,ASHOKLEY.NS
8/23/2024,258.035400390625,260.463164966743,256.59858543453157,259.57134357322644,5774591,ASHOKLEY.NS
8/26/2024,257.7876892089844,258.77860866028965,256.2022120388035,257.68859121576145,4777721,ASHOKLEY.NS
8/27/2024,259.7695313,262.24682990819275,256.25177925155117,257.7876923234458,9384044,ASHOKLEY.NS
8/28/2024,258.0849609,260.9586210504365,257.639035126674,260.1163335413536,4397583,ASHOKLEY.NS
8/29/2024,251.49534606933594,258.58042883246617,249.5630562685659,257.63904330880763,10575592,ASHOKLEY.NS
8/30/2024,254.1212921142578,256.2517627752274,248.81986727850077,252.88262774457328,15816295,ASHOKLEY.NS
9/2/2024,249.06759643554688,255.75630236399454,248.1757599062825,255.75630236399454,7391898,ASHOKLEY.NS
9/3/2024,248.7207794189453,250.20715857881947,247.68031098298724,249.21623913890338,6318452,ASHOKLEY.NS
9/4/2024,248.22531127929688,249.81078837747629,245.35165104910567,245.54983190632055,5452449,ASHOKLEY.NS
9/5/2024,248.86940002441406,252.43671589476776,248.02712761074028,250.60350896579126,8541934,ASHOKLEY.NS
9/6/2024,245.54983520507812,249.6125957533686,244.16253894547643,249.6125957533686,5065459,ASHOKLEY.NS
9/9/2024,241.68524169921875,245.59938552398813,239.90159883047835,245.59938552398813,6407709,ASHOKLEY.NS
9/10/2024,245.99574279785156,247.53167090281067,242.1806970326528,242.42842688441297,4997115,ASHOKLEY.NS
9/11/2024,239.35658264160156,247.18483980600672,237.9692864178818,245.946190563523,7330665,ASHOKLEY.NS
9/12/2024,243.91481018066406,245.64891917274338,239.80250061896817,242.2302501838331,9914360,ASHOKLEY.NS
9/13/2024,243.41934204101562,246.29301734339342,242.97343133967956,245.7480086549916,4303244,ASHOKLEY.NS
9/16/2024,241.58615112304688,245.94619040569975,241.0906914263713,243.71662177065974,5872152,ASHOKLEY.NS
9/17/2024,238.6134033203125,242.4284340784923,235.69019400684206,241.58616162965137,5317996,ASHOKLEY.NS
9/18/2024,233.80743408203125,238.21702247617566,232.66788279733262,238.21702247617566,7474116,ASHOKLEY.NS
9/19/2024,235.39291381835938,236.33428425360435,230.9337763796121,235.838824538188,14207700,ASHOKLEY.NS
9/20/2024,235.690185546875,237.37474550432123,233.51015076875976,235.83881740891462,10309320,ASHOKLEY.NS
9/23/2024,234.30288696289062,237.82065382476122,232.91560586367152,236.33427473835644,11199584,ASHOKLEY.NS
9/24/2024,235.14517211914062,236.92883002886367,234.20380173130147,234.30288459725676,6102544,ASHOKLEY.NS
9/25/2024,236.18565368652344,237.02792613522695,233.01469939422824,235.1451852543785,5662642,ASHOKLEY.NS
9/26/2024,239.0097656,239.80250420012092,234.20381541874758,236.1856542964345,12748640,ASHOKLEY.NS
9/27/2024,237.37474060058594,240.49613060077664,236.08654238201066,238.76202168506407,6353970,ASHOKLEY.NS
9/30/2024,233.26242065429688,238.81157534101837,232.37059924260916,237.37474523541928,10196690,ASHOKLEY.NS
10/1/2024,235.9676513671875,239.99078187915026,231.37968951604014,233.7578901267851,11617306,ASHOKLEY.NS
10/3/2024,228.6051025390625,234.60016793266553,227.25745155035287,231.85531696120393,7331777,ASHOKLEY.NS
10/4/2024,223.34332275390625,229.89330058663643,221.83712103363973,229.89330058663643,17369449,ASHOKLEY.NS
10/7/2024,220.40029907226562,225.32516987727507,217.20953727971778,223.34333100589035,10610957,ASHOKLEY.NS
10/8/2024,220.44984436035156,222.56050756135085,218.09145130459575,220.03366001878825,6737775,ASHOKLEY.NS
10/9/2024,219.80575561523438,222.00558284317466,213.24585869509147,218.0022749916834,25018412,ASHOKLEY.NS
10/10/2024,223.6505126953125,224.36397589570603,217.49691149220646,221.66867383204837,16792149,ASHOKLEY.NS
10/11/2024,225.7908935546875,226.74218282512527,221.96594409186665,223.89823388469182,15329641,ASHOKLEY.NS
10/14/2024,226.6331787109375,228.55554961272782,224.09641238977665,226.61335608961556,7897898,ASHOKLEY.NS
10/15/2024,224.2450714111328,227.50518970296625,221.86685569237926,227.41601058257353,10627340,ASHOKLEY.NS
10/16/2024,222.3226776123047,223.61087585880455,220.7570231428947,223.25414426931582,4981845,ASHOKLEY.NS
10/17/2024,217.56626892089844,222.95687307128097,216.38707237297342,221.85695189265343,12467777,ASHOKLEY.NS
10/18/2024,221.2524871826172,221.8668523853616,215.8222529874504,216.51589355832803,4757980,ASHOKLEY.NS
10/21/2024,215.82225036621094,222.16412853753965,215.24751529439828,221.25248449542553,5599876,ASHOKLEY.NS
10/22/2024,210.64964294433594,217.74462931140795,209.82717804712624,216.01052040192758,7793920,ASHOKLEY.NS
10/23/2024,212.16575622558594,214.10796492891333,208.97499450455328,210.07491565832828,6619465,ASHOKLEY.NS
10/24/2024,215.28713989257812,216.35733464156672,212.2053800039867,212.55220783642713,8710490,ASHOKLEY.NS
10/25/2024,212.05674743652344,217.26897793490477,208.9551649369456,216.91224635309956,10306514,ASHOKLEY.NS
10/28/2024,209.96591186523438,214.4349529330653,209.57945390256367,211.66039069862444,8070729,ASHOKLEY.NS
10/29/2024,206.25987243652344,210.57037798693645,204.30775995803788,210.074918274026,11019002,ASHOKLEY.NS
10/30/2024,207.48861694335938,210.22354910183844,204.7239584118709,205.91305869293873,5608329,ASHOKLEY.NS
10/31/2024,206.2895965576172,208.51916524137397,204.93204179753675,207.5381646974684,6715740,ASHOKLEY.NS
11/1/2024,207.34988403320312,208.34080343121127,206.11123478569294,207.8849738552263,1162827,ASHOKLEY.NS
11/4/2024,206.81480407714844,208.78672409630659,200.16572794642266,208.78672409630659,11407383,ASHOKLEY.NS
11/5/2024,209.91636657714844,210.96673874447862,205.13022395789167,206.79497644817815,5752241,ASHOKLEY.NS
11/6/2024,213.65213012695312,214.53404777860098,209.91635979571217,211.9081174451073,6350242,ASHOKLEY.NS
11/7/2024,213.9394989013672,215.82225489061517,211.80902817483533,215.82225489061517,7873472,ASHOKLEY.NS
11/8/2024,219.87510681152344,220.6777491126761,208.60835798230727,213.9394941149897,21020914,ASHOKLEY.NS
11/11/2024,222.3028564453125,228.35737463527445,220.91557532168383,221.9659474753213,18121872,ASHOKLEY.NS
11/12/2024,219.11209106445312,223.94778253464833,217.1698975239593,223.15504399720535,8442058,ASHOKLEY.NS
11/13/2024,215.44569396972656,218.18062606836384,212.3143850392527,216.0204290357171,9137458,ASHOKLEY.NS
11/14/2024,215.59434509277344,217.59599143113206,212.8693166925049,215.4456981078933,4818367,ASHOKLEY.NS
11/18/2024,218.25,219.23101565894692,213.79086265607265,215.58442436850436,5621936,ASHOKLEY.NS
11/19/2024,221.33999633789062,225.72999572753906,216.27999877929688,217.5,8122856,ASHOKLEY.NS
11/21/2024,218.89999389648438,219.88999938964844,214.3699951171875,218.6300048828125,10464619,ASHOKLEY.NS
11/22/2024,223.9600067138672,224.88999938964844,219.2100067138672,219.3300018310547,6142077,ASHOKLEY.NS
11/25/2024,234.91000366210938,235.82000732421875,226,226,18430774,ASHOKLEY.NS
11/26/2024,231.5399932861328,235.75,231,235,5382960,ASHOKLEY.NS
11/27/2024,234.86000061035156,235.7100067138672,231.5399932861328,233,5269151,ASHOKLEY.NS
11/28/2024,231.5800018310547,237.05999755859375,230.36000061035156,236.0500030517578,9165245,ASHOKLEY.NS
11/29/2024,232.0800018310547,232.8000030517578,229.2100067138672,232,6841324,ASHOKLEY.NS
12/2/2024,229.82000732421875,231.4499969482422,226.17999267578125,229.5,6896528,ASHOKLEY.NS
12/3/2024,235.17999267578125,235.8800048828125,229.61000061035156,230.6999969482422,7317653,ASHOKLEY.NS
12/4/2024,233.97999572753906,235.97999572753906,232.1199951171875,235.1999969482422,8100342,ASHOKLEY.NS
12/5/2024,232.58999633789062,234.60000610351562,231.2899932861328,234,4655928,ASHOKLEY.NS
12/6/2024,232.17999267578125,234.1999969482422,230.39999389648438,232.6999969482422,4028844,ASHOKLEY.NS
12/9/2024,228.66000366210938,234,228.10000610351562,232.4199981689453,5987742,ASHOKLEY.NS
12/10/2024,228.9600067138672,230.75,227.5,229.0500030517578,5321608,ASHOKLEY.NS
12/11/2024,231.17999267578125,231.94000244140625,228.69000244140625,229,4004166,ASHOKLEY.NS
12/12/2024,230,231.61000061035156,229.33999633789062,231.14999389648438,4085774,ASHOKLEY.NS
12/13/2024,231.94000244140625,232.99000549316406,225.74000549316406,231.9499969482422,8303621,ASHOKLEY.NS
12/16/2024,234.83999633789062,235.5,229.19000244140625,232,5703272,ASHOKLEY.NS
12/17/2024,230.83999633789062,236.61000061035156,229.60000610351562,234.83999633789062,8952808,ASHOKLEY.NS
12/18/2024,222.8300018310547,230.83999633789062,221.83999633789062,230.83999633789062,7863862,ASHOKLEY.NS
12/19/2024,219.22000122070312,221.75,215.6999969482422,216,4576282,ASHOKLEY.NS
12/20/2024,217.27999877929688,220.89999389648438,216.38999938964844,219.74000549316406,7841369,ASHOKLEY.NS
12/23/2024,218.94000244140625,222.75999450683594,217.35000610351562,217.35000610351562,4849358,ASHOKLEY.NS
12/24/2024,219.8800048828125,221.88999938964844,217.99000549316406,219.1300048828125,4228963,ASHOKLEY.NS
12/26/2024,220.13999938964844,220.9499969482422,218.02000427246094,220,4049344,ASHOKLEY.NS
12/27/2024,220.50999450683594,223.75,219.74000549316406,220.5500030517578,2333387,ASHOKLEY.NS
12/30/2024,223.3800048828125,224.6999969482422,218.0500030517578,220.5,6700932,ASHOKLEY.NS
12/31/2024,220.5,222,219.33999633789062,222,3234755,ASHOKLEY.NS
1/1/2025,222.82000732421875,223.97999572753906,219.2100067138672,220,1927281,ASHOKLEY.NS
1/2/2025,236.0800018310547,238.1999969482422,224.27000427246094,225.6999969482422,20394304,ASHOKLEY.NS
1/3/2025,234.1300048828125,236.5,232.35000610351562,236,5812672,ASHOKLEY.NS
1/6/2025,226.16000366210938,234.1300048828125,225.30999755859375,234,3770905,ASHOKLEY.NS
1/7/2025,224.52000427246094,229.1999969482422,223.5500030517578,226.32000732421875,4469843,ASHOKLEY.NS
1/8/2025,222.72999572753906,224.8000030517578,221.10000610351562,224.4600067138672,5998750,ASHOKLEY.NS
1/9/2025,214.39999389648438,222.91000366210938,213.91000366210938,221.5500030517578,6499456,ASHOKLEY.NS
1/10/2025,210.57000732421875,214.61000061035156,207.60000610351562,214.38999938964844,8011343,ASHOKLEY.NS
1/13/2025,202.4499969482422,208.99000549316406,201.88999938964844,207.97000122070312,6156288,ASHOKLEY.NS
1/14/2025,210.0500030517578,211.38999938964844,203.0500030517578,203.08999633789062,2950353,ASHOKLEY.NS
1/15/2025,206.67999267578125,212.08999633789062,204.39999389648438,211.0500030517578,3426099,ASHOKLEY.NS
1/16/2025,207.91000366210938,211.30999755859375,207.5500030517578,209.7899932861328,5225962,ASHOKLEY.NS
1/17/2025,206.58999633789062,208.8699951171875,205.33999633789062,207.91000366210938,3251656,ASHOKLEY.NS
1/20/2025,209.22000122070312,209.82000732421875,205.0500030517578,207.5,5475000,ASHOKLEY.NS
1/21/2025,204.75999450683594,210.89999389648438,204.14999389648438,210,5895218,ASHOKLEY.NS
1/22/2025,206.80999755859375,208.97999572753906,204.5,206,10087789,ASHOKLEY.NS
1/23/2025,207.74000549316406,209.35000610351562,204,206.4600067138672,4593922,ASHOKLEY.NS
1/24/2025,204.3000030517578,208.67999267578125,203.64999389648438,207,9889920,ASHOKLEY.NS
1/27/2025,197.2899932861328,202.69000244140625,195.35000610351562,202,6728757,ASHOKLEY.NS
1/28/2025,204.72999572753906,207.7100067138672,197.02000427246094,198.75,11620003,ASHOKLEY.NS
1/29/2025,206.0399932861328,206.55999755859375,203.3000030517578,204.35000610351562,6461243,ASHOKLEY.NS
1/30/2025,210.3300018310547,211.4499969482422,205.3800048828125,206.0399932861328,7464183,ASHOKLEY.NS
1/31/2025,216.8300018310547,219,208.8699951171875,209.64999389648438,6558057,ASHOKLEY.NS
2/1/2025,206.35000610351562,221.07000732421875,204.00999450683594,217.89999389648438,13623514,ASHOKLEY.NS
2/3/2025,203.91000366210938,206.7899932861328,199.63999938964844,206.35000610351562,10645813,ASHOKLEY.NS
2/4/2025,211.6699981689453,211.99000549316406,206.97999572753906,208,6914628,ASHOKLEY.NS
2/5/2025,211.02000427246094,213.99000549316406,210.5,211.89999389648438,2491345,ASHOKLEY.NS
2/6/2025,209.7899932861328,212.47000122070312,208.33999633789062,211.02000427246094,2396927,ASHOKLEY.NS
2/7/2025,212.0500030517578,216.24000549316406,208.7899932861328,209.97999572753906,3938948,ASHOKLEY.NS
2/10/2025,209.10000610351562,212,208.55999755859375,211,1393553,ASHOKLEY.NS
2/11/2025,203.7100067138672,209.49000549316406,200.85000610351562,208.5500030517578,3544351,ASHOKLEY.NS
2/12/2025,219.35000610351562,220.89999389648438,199.64999389648438,204,36511133,ASHOKLEY.NS
2/13/2025,217.07000732421875,225.25999450683594,216.3699951171875,220.60000610351562,23771143,ASHOKLEY.NS
2/14/2025,213.85000610351562,218.7100067138672,211.77999877929688,217.1999969482422,7825989,ASHOKLEY.NS
2/17/2025,223.61000061035156,224.5,209.35000610351562,213,20797336,ASHOKLEY.NS
2/18/2025,222.27999877929688,223.39999389648438,217.42999267578125,223.35000610351562,7370396,ASHOKLEY.NS
2/19/2025,225.41000366210938,226.17999267578125,218.9600067138672,219.64999389648438,6301198,ASHOKLEY.NS
2/20/2025,226.49000549316406,227.8000030517578,222.47000122070312,224.49000549316406,6374635,ASHOKLEY.NS
2/21/2025,222.52999877929688,228.38999938964844,220.14999389648438,226.1199951171875,5645981,ASHOKLEY.NS
2/24/2025,223.08999633789062,223.8800048828125,219.3000030517578,220,6331346,ASHOKLEY.NS
2/25/2025,227.22999572753906,228.38999938964844,221.7100067138672,222.97999572753906,9896912,ASHOKLEY.NS
2/27/2025,225.42999267578125,227.58999633789062,222.35000610351562,227.5,7282413,ASHOKLEY.NS
2/28/2025,212.94000244140625,222.41000366210938,211.32000732421875,221.99000549316406,13346925,ASHOKLEY.NS
3/3/2025,208.9199981689453,219.58999633789062,205.63999938964844,216,6744558,ASHOKLEY.NS
3/4/2025,206.92999267578125,209.5,203.16000366210938,206,8956849,ASHOKLEY.NS
3/5/2025,209.2100067138672,212.5,205.85000610351562,206,11001965,ASHOKLEY.NS
3/6/2025,210.60000610351562,213.8000030517578,210,212,5083907,ASHOKLEY.NS
3/7/2025,209.77999877929688,212.64999389648438,209.16000366210938,210.4199981689453,4298504,ASHOKLEY.NS
3/10/2025,206.7899932861328,212.69000244140625,205.88999938964844,210.25999450683594,4798744,ASHOKLEY.NS
3/11/2025,199.9600067138672,204.83999633789062,197.61000061035156,204,12937367,ASHOKLEY.NS
3/12/2025,196.11000061035156,200.89999389648438,192.89999389648438,200,15693886,ASHOKLEY.NS
3/13/2025,196.6300048828125,198.1999969482422,195.52000427246094,196.6999969482422,5293921,ASHOKLEY.NS
3/17/2025,198.4600067138672,199.94000244140625,196.27999877929688,197.5,8934360,ASHOKLEY.NS
3/18/2025,201.1999969482422,201.49000549316406,199.52000427246094,199.99000549316406,2277701,ASHOKLEY.NS
